Mutant,com.google.javascript.jscomp.FlowSensitiveInlineVariablesTest[testDoNotInlineIntoLhsOfAssign],com.google.javascript.jscomp.MaybeReachingVariableUseTest[testUseAndDefInSameInstruction],com.google.javascript.jscomp.FlowSensitiveInlineVariablesTest[testInlineExpressions5],com.google.javascript.jscomp.FlowSensitiveInlineVariablesTest[testMultiUseInSameCfgNode],com.google.javascript.jscomp.FlowSensitiveInlineVariablesTest[testVarInConditionPath],com.google.javascript.jscomp.MaybeReachingVariableUseTest[testAssignmentInExpressions],com.google.javascript.jscomp.FlowSensitiveInlineVariablesTest[testInlineIntoExpressions],com.google.javascript.jscomp.FlowSensitiveInlineVariablesTest[testInlineExpressions6],com.google.javascript.jscomp.FlowSensitiveInlineVariablesTest[testTransitiveDependencies1],com.google.javascript.jscomp.FlowSensitiveInlineVariablesTest[testInlineExpression10],com.google.javascript.jscomp.FlowSensitiveInlineVariablesTest[testInlineExpressions1],com.google.javascript.jscomp.FlowSensitiveInlineVariablesTest[testInlineExpressions2],com.google.javascript.jscomp.FlowSensitiveInlineVariablesTest[testNoInlineLValue],com.google.javascript.jscomp.FlowSensitiveInlineVariablesTest[testInlineExpressions3],com.google.javascript.jscomp.FlowSensitiveInlineVariablesTest[testInlineExpressions4],com.google.javascript.jscomp.FlowSensitiveInlineVariablesTest[testNoInlineIfDefinitionMayNotReach],com.google.javascript.jscomp.FlowSensitiveInlineVariablesTest[testNoInlineGetEle],com.google.javascript.jscomp.FlowSensitiveInlineVariablesTest[testNotReachingDefinitions],com.google.javascript.jscomp.FlowSensitiveInlineVariablesTest[testDefinitionAfterUse],com.google.javascript.jscomp.FlowSensitiveInlineVariablesTest[testTransitiveDependencies2],com.google.javascript.jscomp.MaybeReachingVariableUseTest[testInc],com.google.javascript.jscomp.MaybeReachingVariableUseTest[testHook],com.google.javascript.jscomp.FlowSensitiveInlineVariablesTest[testInlineExpressions12],com.google.javascript.jscomp.FlowSensitiveInlineVariablesTest[testMultiUse],com.google.javascript.jscomp.FlowSensitiveInlineVariablesTest[testInlineAcrossSideEffect1],com.google.javascript.jscomp.FlowSensitiveInlineVariablesTest[testMultiUseInTwoDifferentPath],com.google.javascript.jscomp.FlowSensitiveInlineVariablesTest[testAssignmentBeforeDefinition],com.google.javascript.jscomp.FlowSensitiveInlineVariablesTest[testInlineSameVariableInStraightLine],com.google.javascript.jscomp.FlowSensitiveInlineVariablesTest[testDoNotInlineWithinLoop],com.google.javascript.jscomp.FlowSensitiveInlineVariablesTest[testCanInlineAcrossNoSideEffect],com.google.javascript.jscomp.FlowSensitiveInlineVariablesTest[testIssue698],com.google.javascript.jscomp.FlowSensitiveInlineVariablesTest[testMultiDefinitionsBeforeUse],com.google.javascript.jscomp.FlowSensitiveInlineVariablesTest[testNoInlineObjectLits],com.google.javascript.jscomp.FlowSensitiveInlineVariablesTest[testNoInlineArrayLits],com.google.javascript.jscomp.FlowSensitiveInlineVariablesTest[testNoInlineGetProp],com.google.javascript.jscomp.FlowSensitiveInlineVariablesTest[testDoNotExitLoop],com.google.javascript.jscomp.FlowSensitiveInlineVariablesTest[testDoNotInlineIncrement],com.google.javascript.jscomp.FlowSensitiveInlineVariablesTest[testInlineExpression8],com.google.javascript.jscomp.FlowSensitiveInlineVariablesTest[testInlineInDifferentPaths],com.google.javascript.jscomp.IntegrationTest[testIssue378],com.google.javascript.jscomp.MaybeReachingVariableUseTest[testAssignmentOps],com.google.javascript.jscomp.FlowSensitiveInlineVariablesTest[testNoInlineConstructors],com.google.javascript.jscomp.FlowSensitiveInlineVariablesTest[testInlineExpressions13],com.google.javascript.jscomp.FlowSensitiveInlineVariablesTest[testExported],com.google.javascript.jscomp.FlowSensitiveInlineVariablesTest[testSwitchCase],com.google.javascript.jscomp.FlowSensitiveInlineVariablesTest[testNoInlineRegExpLits],com.google.javascript.jscomp.FlowSensitiveInlineVariablesTest[testIssue794a],com.google.javascript.jscomp.FlowSensitiveInlineVariablesTest[testDoNotInlineAssignmentOp],com.google.javascript.jscomp.CommandLineRunnerTest[testWithKeywordDefault],com.google.javascript.jscomp.FlowSensitiveInlineVariablesTest[testInlineExpression9],com.google.javascript.jscomp.MaybeReachingVariableUseTest[testForIn],com.google.javascript.jscomp.FlowSensitiveInlineVariablesTest[testIssue794b],com.google.javascript.jscomp.MaybeReachingVariableUseTest[testIf],com.google.javascript.jscomp.FlowSensitiveInlineVariablesTest[testNoInlineLoopCarriedDefinition],com.google.javascript.jscomp.IntegrationTest[testIssue550],com.google.javascript.jscomp.FlowSensitiveInlineVariablesTest[testNoInlineGetProp2],com.google.javascript.jscomp.FlowSensitiveInlineVariablesTest[testNoInlineGetProp3],com.google.javascript.jscomp.CommandLineRunnerTest[testCheckGlobalThisOnWithAdvancedMode],com.google.javascript.jscomp.FlowSensitiveInlineVariablesTest[testInvalidInlineArguments2],com.google.javascript.jscomp.FlowSensitiveInlineVariablesTest[testInlineConstructorCallsIntoLoop],com.google.javascript.jscomp.IntegrationTest[testCheckConstants1],com.google.javascript.jscomp.CommandLineRunnerTest[testCheckUndefinedProperties3],com.google.javascript.jscomp.FlowSensitiveInlineVariablesTest[testRemoveWithLabels],com.google.javascript.jscomp.CommandLineRunnerTest[testVersionFlag2],com.google.javascript.jscomp.CommandLineRunnerTest[testES5StrictUseStrictMultipleInputs],com.google.javascript.jscomp.CommandLineRunnerTest[testSourceSortingOn],com.google.javascript.jscomp.FlowSensitiveInlineVariablesTest[testShadowedVariableInnerFunction],com.google.javascript.jscomp.FlowSensitiveInlineVariablesTest[testNoInlineEscapedToInnerFunction],com.google.javascript.jscomp.FlowSensitiveInlineVariablesTest[testInlineExpressions11],com.google.javascript.jscomp.FlowSensitiveInlineVariablesTest[testIssue777],com.google.javascript.jscomp.CommandLineRunnerTest[testTypeCheckingOnWithVerbose],com.google.javascript.jscomp.FlowSensitiveInlineVariablesTest[testNotOkToSkipCheckPathBetweenNodes],com.google.javascript.jscomp.CommandLineRunnerTest[testTypeCheckingOffByDefault],com.google.javascript.jscomp.CommandLineRunnerTest[testDebugFlag2],com.google.javascript.jscomp.FlowSensitiveInlineVariablesTest[testInlineExpression7],com.google.javascript.jscomp.CommandLineRunnerTest[testIssue297],com.google.javascript.jscomp.IntegrationTest[testIssue724],com.google.javascript.jscomp.IntegrationTest[testIssue787],com.google.javascript.jscomp.MaybeReachingVariableUseTest[testLoops],com.google.javascript.jscomp.CommandLineRunnerTest[testCheckUndefinedProperties2],com.google.javascript.jscomp.CommandLineRunnerTest[testBooleanFlag2],com.google.javascript.jscomp.CommandLineRunnerTest[testPrintAstFlag],com.google.javascript.jscomp.CommandLineRunnerTest[testCssNameWiring],com.google.javascript.jscomp.MaybeReachingVariableUseTest[testStraightLine],com.google.javascript.jscomp.IntegrationTest[testSingletonGetter1],com.google.javascript.jscomp.CommandLineRunnerTest[testBooleanFlag1],com.google.javascript.jscomp.CommandLineRunnerTest[testWarningGuardOrdering4],com.google.javascript.jscomp.CommandLineRunnerTest[testStarModuleManifest],com.google.javascript.jscomp.CommandLineRunnerTest[testModuleWrapperBaseNameExpansion],com.google.javascript.jscomp.CommandLineRunnerTest[testDepreciationWithVerbose],com.google.javascript.jscomp.CommandLineRunnerTest[testOnlyClosureDependenciesOneEntryPoint],com.google.javascript.jscomp.IntegrationTest[testInlineProperties],com.google.javascript.jscomp.IntegrationTest[testNegativeZero],com.google.javascript.jscomp.CommandLineRunnerTest[testSourceSortingOn3],com.google.javascript.jscomp.CommandLineRunnerTest[testDebugFlag4],com.google.javascript.jscomp.FlowSensitiveInlineVariablesTest[testNoInlineInMergedPath],com.google.javascript.jscomp.MaybeReachingVariableUseTest[testConditional],com.google.javascript.jscomp.IntegrationTest[testNamelessParameter],com.google.javascript.jscomp.CommandLineRunnerTest[testIssue601c],com.google.javascript.jscomp.CommandLineRunnerTest[testIssue504],com.google.javascript.jscomp.FlowSensitiveInlineVariablesTest[testCatch],com.google.javascript.jscomp.FlowSensitiveInlineVariablesTest[testDependOnOuterScopeVariables],com.google.javascript.jscomp.CommandLineRunnerTest[testQuietMode],com.google.javascript.jscomp.FlowSensitiveInlineVariablesTest[testInlineArguments],com.google.javascript.jscomp.CommandLineRunnerTest[testSourceSortingOn2],com.google.javascript.jscomp.CommandLineRunnerTest[testIssue601b],com.google.javascript.jscomp.FlowSensitiveInlineVariablesTest[testInlineAcrossSideEffect3],com.google.javascript.jscomp.CommandLineRunnerTest[testDebugFlag3],com.google.javascript.jscomp.CommandLineRunnerTest[testMissingReturnCheckOnWithVerbose],com.google.javascript.jscomp.FlowSensitiveInlineVariablesTest[testInlineAcrossSideEffect4],com.google.javascript.jscomp.CommandLineRunnerTest[testScriptStrictModeNoWarning],com.google.javascript.jscomp.CommandLineRunnerTest[testDefineFlag],com.google.javascript.jscomp.CommandLineRunnerTest[testChainModuleManifest],com.google.javascript.jscomp.IntegrationTest[testExpose],com.google.javascript.jscomp.CommandLineRunnerTest[testTransformAMDAndProcessCJS],com.google.javascript.jscomp.CommandLineRunnerTest[testInlineVariables],com.google.javascript.jscomp.FlowSensitiveInlineVariablesTest[testInlineAcrossSideEffect2],com.google.javascript.jscomp.IntegrationTest[testHiddenSideEffect],com.google.javascript.jscomp.CommandLineRunnerTest[testReflectedMethods],com.google.javascript.jscomp.CommandLineRunnerTest[testSourcePruningOn3],com.google.javascript.jscomp.CommandLineRunnerTest[testSourcePruningOn6],com.google.javascript.jscomp.CommandLineRunnerTest[testFunctionStrictModeNoWarning],com.google.javascript.jscomp.CommandLineRunnerTest[testTypeCheckOverride2],com.google.javascript.jscomp.CommandLineRunnerTest[testGoogAssertStripping],com.google.javascript.jscomp.FlowSensitiveInlineVariablesTest[testSimpleAssign],com.google.javascript.jscomp.CommandLineRunnerTest[testSourcePruningOn7],com.google.javascript.jscomp.CommandLineRunnerTest[testSourcePruningOn4],com.google.javascript.jscomp.FlowSensitiveInlineVariablesTest[testForIn],com.google.javascript.jscomp.FlowSensitiveInlineVariablesTest[testSimpleVar],com.google.javascript.jscomp.CommandLineRunnerTest[testTypeParsingOnWithVerbose],com.google.javascript.jscomp.FlowSensitiveInlineVariablesTest[testMultiDefinitionsInSameCfgNode],com.google.javascript.jscomp.IntegrationTest[testFlowSensitiveInlineVariables2],com.google.javascript.jscomp.IntegrationTest[testIssue730],com.google.javascript.jscomp.FlowSensitiveInlineVariablesTest[testInvalidInlineArguments1],com.google.javascript.jscomp.CommandLineRunnerTest[testSourcePruningOn8],com.google.javascript.jscomp.CommandLineRunnerTest[testHiddenSideEffect],com.google.javascript.jscomp.CompilerTest[testLocalUndefined],com.google.javascript.jscomp.FlowSensitiveInlineVariablesTest[testInlineIfNameIsLeftSideOfAssign],com.google.javascript.jscomp.CommandLineRunnerTest[testGetMsgWiring],com.google.javascript.jscomp.MaybeReachingVariableUseTest[testTryCatch],com.google.javascript.jscomp.FlowSensitiveInlineVariablesTest[testSimpleForIn],com.google.javascript.jscomp.IntegrationTest[testFlowSensitiveInlineVariables1],com.google.javascript.jscomp.MaybeReachingVariableUse_ESTest[test13],com.google.javascript.jscomp.MaybeReachingVariableUse_ESTest[test10],com.google.javascript.jscomp.MaybeReachingVariableUse_ESTest[test04],com.google.javascript.jscomp.MaybeReachingVariableUse_ESTest[test03],com.google.javascript.jscomp.MaybeReachingVariableUse_ESTest[test14],com.google.javascript.jscomp.MaybeReachingVariableUse_ESTest[test09],com.google.javascript.jscomp.MaybeReachingVariableUse_ESTest[test08],com.google.javascript.jscomp.MaybeReachingVariableUse_ESTest[test11],com.google.javascript.jscomp.MaybeReachingVariableUse_ESTest[test02],com.google.javascript.jscomp.MaybeReachingVariableUse_ESTest[test06],com.google.javascript.jscomp.MaybeReachingVariableUse_ESTest[test05],com.google.javascript.jscomp.MaybeReachingVariableUse_ESTest[test12],com.google.javascript.jscomp.MaybeReachingVariableUse_ESTest[test00],com.google.javascript.jscomp.MaybeReachingVariableUse_ESTest[test07],com.google.javascript.jscomp.MaybeReachingVariableUse_ESTest[test16],com.google.javascript.jscomp.MaybeReachingVariableUse_ESTest[test01],com.google.javascript.jscomp.CommandLineRunnerTest[testWithKeywordWithEs5ChecksOff],com.google.javascript.jscomp.CommandLineRunnerTest[testES5StrictUseStrict],com.google.javascript.jscomp.CommandLineRunnerTest[testDefineFlag2],com.google.javascript.jscomp.CommandLineRunnerTest[testDefineFlag3],com.google.javascript.jscomp.CommandLineRunnerTest[testCheckGlobalThisOffByDefault],com.google.javascript.jscomp.CommandLineRunnerTest[testCheckSymbolsOverrideForVerbose],com.google.javascript.jscomp.CommandLineRunnerTest[testDebugFlag1],com.google.javascript.jscomp.CommandLineRunnerTest[testProcessCJS],com.google.javascript.jscomp.CommandLineRunnerTest[testIssue81],com.google.javascript.jscomp.CommandLineRunnerTest[testVersionFlag],com.google.javascript.jscomp.CommandLineRunnerTest[testCheckSymbolsOffForDefault],com.google.javascript.jscomp.CommandLineRunnerTest[testTypeParsingOffByDefault],com.google.javascript.jscomp.CommandLineRunnerTest[testTransformAMD],com.google.javascript.jscomp.CommandLineRunnerTest[testCheckGlobalThisOff],com.google.javascript.jscomp.CommandLineRunnerTest[testSourceMapFormat2],com.google.javascript.jscomp.CommandLineRunnerTest[testTypeCheckOverride1],com.google.javascript.jscomp.CommandLineRunnerTest[testSourceMapExpansion1],com.google.javascript.jscomp.CommandLineRunnerTest[testSourceMapExpansion2],com.google.javascript.jscomp.CommandLineRunnerTest[testSourceMapExpansion3],com.google.javascript.jscomp.CommandLineRunnerTest[testGenerateExports],com.google.javascript.jscomp.CommandLineRunnerTest[testIssue115],com.google.javascript.jscomp.CommandLineRunnerTest[testSourceMapFormat1],com.google.javascript.jscomp.CommandLineRunnerTest[testES5Strict],com.google.javascript.jscomp.CommandLineRunnerTest[testExternsLifting1],com.google.javascript.jscomp.CommandLineRunnerTest[testWarningGuardOrdering1],com.google.javascript.jscomp.CommandLineRunnerTest[testWarningGuardOrdering3],com.google.javascript.jscomp.CommandLineRunnerTest[testNoCompile],com.google.javascript.jscomp.CommandLineRunnerTest[testTypedAdvanced],com.google.javascript.jscomp.CommandLineRunnerTest[testSourcePruningOn2],com.google.javascript.jscomp.CommandLineRunnerTest[testES5],com.google.javascript.jscomp.CommandLineRunnerTest[testCharSetExpansion],com.google.javascript.jscomp.CommandLineRunnerTest[testExternsLifting2],com.google.javascript.jscomp.CommandLineRunnerTest[testProcessClosurePrimitives],com.google.javascript.jscomp.CommandLineRunnerTest[testForwardDeclareDroppedTypes],com.google.javascript.jscomp.CommandLineRunnerTest[testSourcePruningOn1],Total,Equiv?
1,EXC,EXC,EXC,EXC,EXC,EXC,EXC,EXC,EXC,EXC,EXC,EXC,EXC,EXC,EXC,EXC,EXC,EXC,EXC,EXC,EXC,EXC,EXC,EXC,EXC,EXC,EXC,EXC,EXC,EXC,EXC,EXC,EXC,EXC,EXC,EXC,EXC,EXC,EXC,EXC,EXC,EXC,EXC,EXC,EXC,EXC,EXC,EXC,PASS,EXC,EXC,EXC,EXC,EXC,EXC,EXC,EXC,PASS,EXC,EXC,PASS,FAIL,EXC,PASS,TIME,PASS,EXC,EXC,EXC,EXC,FAIL,EXC,FAIL,FAIL,EXC,FAIL,TIME,EXC,EXC,PASS,FAIL,PASS,PASS,EXC,PASS,FAIL,PASS,PASS,PASS,PASS,PASS,PASS,PASS,PASS,PASS,EXC,EXC,PASS,PASS,PASS,EXC,EXC,PASS,EXC,PASS,PASS,EXC,PASS,FAIL,EXC,PASS,PASS,PASS,EXC,PASS,FAIL,EXC,PASS,FAIL,PASS,PASS,FAIL,PASS,PASS,EXC,PASS,PASS,EXC,EXC,FAIL,EXC,EXC,EXC,EXC,PASS,PASS,EXC,EXC,FAIL,EXC,EXC,EXC,PASS,PASS,PASS, ,PASS,PASS,PASS,PASS,PASS,PASS,PASS,PASS,PASS,PASS,PASS,PASS,PASS,PASS,PASS,PASS,PASS,PASS,PASS,PASS,PASS,PASS,PASS,PASS,PASS,PASS,PASS,PASS,PASS,PASS,PASS,PASS,PASS,PASS,PASS,PASS,PASS,PASS,PASS,PASS,PASS,PASS,PASS,PASS,PASS,PASS,PASS,104,
10,PASS,PASS,PASS,PASS,PASS,PASS,PASS,PASS,PASS,PASS,PASS,PASS,PASS,PASS,PASS,PASS,PASS,PASS,PASS,PASS,PASS,PASS,PASS,PASS,PASS,PASS,PASS,PASS,PASS,PASS,PASS,PASS,PASS,PASS,PASS,PASS,PASS,PASS,PASS,PASS,PASS,PASS,PASS,PASS,PASS,PASS,PASS,PASS,PASS,PASS,PASS,PASS,PASS,PASS,PASS,PASS,PASS,PASS,PASS,PASS,PASS,PASS,PASS,PASS,PASS,PASS,PASS,PASS,PASS,PASS,PASS,PASS,PASS,PASS,PASS,PASS,PASS,PASS,PASS,PASS,PASS,PASS,PASS,PASS,PASS,PASS,PASS,PASS,PASS,PASS,PASS,PASS,PASS,PASS,PASS,PASS,PASS,PASS,PASS,PASS,PASS,PASS,PASS,PASS,PASS,PASS,PASS,PASS,PASS,PASS,PASS,PASS,PASS,PASS,PASS,PASS,PASS,PASS,PASS,PASS,PASS,PASS,PASS,PASS,PASS,PASS,PASS,PASS,PASS,PASS,PASS,PASS,PASS,PASS,PASS,PASS,PASS,PASS,PASS,PASS,PASS,PASS, , ,PASS,EXC, , , , , ,PASS, , , , , ,PASS,PASS,PASS,PASS,PASS,PASS,PASS,PASS,PASS,PASS,PASS,PASS,PASS,PASS,PASS,PASS,PASS,PASS,PASS,PASS,PASS,PASS,PASS,PASS,PASS,PASS,PASS,PASS,PASS,PASS,PASS,PASS,PASS,PASS,PASS,PASS,1,
100,PASS,FAIL,PASS,PASS,PASS,FAIL,FAIL,PASS,FAIL,PASS,FAIL,PASS,PASS,FAIL,PASS,PASS,PASS,PASS,FAIL,FAIL,FAIL,FAIL,PASS,PASS,PASS,PASS,FAIL,FAIL,PASS,PASS,FAIL,FAIL,PASS,PASS,PASS,PASS,PASS,FAIL,FAIL,PASS,FAIL,PASS,FAIL,PASS,FAIL,PASS,PASS,PASS, ,FAIL,FAIL,PASS,FAIL,PASS,PASS,PASS,FAIL, ,PASS,PASS, , ,FAIL, , , ,FAIL,PASS,FAIL,FAIL,PASS,PASS,PASS,PASS,PASS,PASS,PASS,PASS,FAIL, ,PASS, , ,FAIL, ,PASS, , , , , , , , , ,PASS,FAIL, , , ,PASS,PASS, ,FAIL, , ,PASS, ,PASS,PASS, , , ,PASS, ,PASS,PASS, ,PASS, , ,PASS, , ,FAIL, , ,PASS,FAIL,PASS,PASS,FAIL,PASS,PASS, , ,PASS,FAIL,PASS,FAIL,FAIL,FAIL, , , , , , , , , , , , , , , , , , , , , , , , , , , ,PASS, , , , , , , , ,PASS, , , , , , , , , , , , , , ,38,
101,PASS,PASS,PASS,PASS,EXC,EXC,PASS,PASS,TIME,PASS,PASS,PASS,PASS,PASS,PASS,PASS,EXC,EXC,PASS,PASS,PASS,EXC,EXC,PASS,PASS,EXC,PASS,PASS,PASS,PASS,EXC,PASS,PASS,PASS,EXC,EXC,PASS,PASS,PASS,PASS,PASS,EXC,PASS,PASS,PASS,PASS,EXC,PASS, ,EXC,PASS,EXC,EXC,PASS,PASS,EXC,EXC, ,EXC,EXC, , ,PASS, , , ,PASS,PASS,PASS,EXC,PASS,EXC,PASS,PASS,EXC,PASS,PASS,PASS,EXC, ,PASS, , ,PASS, ,PASS, , , , , , , , , ,PASS,PASS, , , ,PASS,PASS, ,EXC, , ,PASS, ,PASS,PASS, , , ,PASS, ,PASS,PASS, ,PASS, , ,PASS, , ,PASS, , ,PASS,PASS,PASS,PASS,PASS,PASS,EXC, , ,PASS,EXC,PASS,EXC,PASS,PASS, , , , , , , , , , , , , , , , , , , , , , , , , , , ,PASS, , , , , , , , ,PASS, , , , , , , , , , , , , , ,28,
102,PASS,PASS,PASS,PASS,EXC,EXC,PASS,PASS,PASS,PASS,PASS,PASS,PASS,PASS,PASS,PASS,EXC,EXC,PASS,PASS,PASS,EXC,EXC,PASS,PASS,EXC,PASS,PASS,PASS,PASS,EXC,PASS,PASS,PASS,EXC,EXC,PASS,PASS,PASS,PASS,PASS,EXC,PASS,PASS,PASS,PASS,EXC,PASS, ,EXC,PASS,EXC,EXC,PASS,PASS,EXC,EXC, ,EXC,EXC, , ,PASS, , , ,PASS,PASS,PASS,EXC,PASS,EXC,PASS,PASS,EXC,PASS,PASS,PASS,EXC, ,PASS, , ,PASS, ,PASS, , , , , , , , , ,PASS,PASS, , , ,PASS,PASS, ,EXC, , ,PASS, ,PASS,PASS, , , ,PASS, ,PASS,PASS, ,PASS, , ,PASS, , ,PASS, , ,PASS,PASS,PASS,PASS,PASS,PASS,EXC, , ,PASS,EXC,PASS,EXC,PASS,PASS, , , , , , , , , , , , , , , , , , , , , , , , , , , ,PASS, , , , , , , , ,PASS, , , , , , , , , , , , , , ,27,
103,PASS,FAIL,PASS,PASS,EXC,EXC,FAIL,PASS,FAIL,PASS,FAIL,PASS,PASS,FAIL,PASS,PASS,EXC,EXC,FAIL,FAIL,FAIL,EXC,EXC,PASS,PASS,EXC,FAIL,FAIL,PASS,PASS,EXC,FAIL,PASS,PASS,EXC,EXC,PASS,FAIL,FAIL,PASS,FAIL,EXC,FAIL,PASS,FAIL,PASS,EXC,PASS, ,EXC,FAIL,EXC,EXC,PASS,PASS,EXC,EXC, ,EXC,EXC, , ,FAIL, , , ,FAIL,PASS,FAIL,EXC,PASS,EXC,PASS,PASS,EXC,PASS,PASS,PASS,EXC, ,PASS, , ,FAIL, ,PASS, , , , , , , , , ,PASS,FAIL, , , ,PASS,PASS, ,EXC, , ,PASS, ,PASS,PASS, , , ,PASS, ,PASS,PASS, ,PASS, , ,PASS, , ,FAIL, , ,PASS,FAIL,PASS,PASS,FAIL,PASS,EXC, , ,PASS,FAIL,PASS,EXC,FAIL,FAIL, , , , , , , , , , , , , , , , , , , , , , , , , , , ,PASS, , , , , , , , ,PASS, , , , , , , , , , , , , , ,54,
104,PASS,PASS,PASS,PASS,PASS,PASS,PASS,PASS,PASS,PASS,PASS,PASS,PASS,PASS,PASS,PASS,PASS,PASS,PASS,PASS,PASS,PASS,PASS,PASS,PASS,PASS,PASS,PASS,PASS,PASS,PASS,PASS,PASS,PASS,PASS,PASS,PASS,PASS,PASS,PASS,PASS,PASS,PASS,PASS,PASS,PASS,PASS,PASS, ,PASS,PASS,PASS,PASS,PASS,PASS,PASS,PASS, ,PASS,PASS, , ,PASS, , , ,PASS,PASS,PASS,PASS,PASS,PASS,PASS,PASS,PASS,PASS,PASS,PASS,PASS, ,PASS, , ,PASS, ,PASS, , , , , , , , , ,PASS,PASS, , , ,PASS,PASS, ,PASS, , ,PASS, ,PASS,PASS, , , ,PASS, ,PASS,PASS, ,PASS, , ,PASS, , ,PASS, , ,PASS,PASS,PASS,PASS,PASS,PASS,PASS, , ,PASS,PASS,PASS,PASS,PASS,PASS, , , , , , , , , , , , , , , , , , , , , , , , , , , ,PASS, , , , , , , , ,PASS, , , , , , , , , , , , , , ,0,
105,PASS,PASS,PASS,PASS,PASS,PASS,PASS,PASS,PASS,PASS,PASS,PASS,PASS,PASS,PASS,PASS,PASS,PASS,PASS,PASS,PASS,PASS,PASS,PASS,PASS,PASS,PASS,PASS,PASS,PASS,PASS,PASS,PASS,PASS,PASS,PASS,PASS,PASS,PASS,PASS,PASS,PASS,PASS,PASS,PASS,PASS,PASS,PASS, ,PASS,PASS,PASS,PASS,PASS,PASS,PASS,PASS, ,PASS,PASS, , ,PASS, , , ,PASS,PASS,PASS,PASS,PASS,PASS,PASS,PASS,PASS,PASS,PASS,PASS,PASS, ,PASS, , ,PASS, ,PASS, , , , , , , , , ,PASS,PASS, , , ,PASS,PASS, ,PASS, , ,PASS, ,PASS,PASS, , , ,PASS, ,PASS,PASS, ,PASS, , ,PASS, , ,PASS, , ,PASS,PASS,PASS,PASS,PASS,PASS,PASS, , ,PASS,PASS,PASS,PASS,PASS,PASS, , , , , , , , , , , , , , , , , , , , , , , , , , , ,PASS, , , , , , , , ,PASS, , , , , , , , , , , , , , ,0,
106,PASS,PASS,PASS,PASS,EXC,EXC,PASS,PASS,PASS,PASS,PASS,PASS,PASS,PASS,PASS,PASS,EXC,EXC,PASS,PASS,PASS,EXC,EXC,PASS,PASS,EXC,PASS,PASS,PASS,PASS,EXC,PASS,PASS,PASS,EXC,EXC,PASS,PASS,PASS,PASS,PASS,EXC,PASS,PASS,PASS,PASS,EXC,PASS, ,EXC,PASS,EXC,EXC,PASS,PASS,EXC,EXC, ,EXC,EXC, , ,PASS, , , ,PASS,PASS,PASS,EXC,PASS,EXC,PASS,PASS,EXC,PASS,PASS,PASS,EXC, ,PASS, , ,PASS, ,PASS, , , , , , , , , ,PASS,PASS, , , ,PASS,PASS, ,EXC, , ,PASS, ,PASS,PASS, , , ,PASS, ,PASS,PASS, ,PASS, , ,PASS, , ,PASS, , ,PASS,PASS,PASS,PASS,PASS,PASS,EXC, , ,PASS,EXC,PASS,EXC,PASS,PASS, , , , , , , , , , , , , , , , , , , , , , , , , , , ,PASS, , , , , , , , ,PASS, , , , , , , , , , , , , , ,27,
107,PASS,FAIL,PASS,PASS,PASS,FAIL,FAIL,PASS,FAIL,PASS,FAIL,PASS,PASS,FAIL,PASS,PASS,PASS,PASS,FAIL,FAIL,FAIL,FAIL,PASS,PASS,PASS,PASS,FAIL,FAIL,PASS,PASS,FAIL,FAIL,PASS,PASS,PASS,PASS,PASS,FAIL,FAIL,PASS,FAIL,PASS,FAIL,PASS,FAIL,PASS,PASS,PASS, ,FAIL,FAIL,PASS,FAIL,PASS,PASS,PASS,FAIL, ,PASS,PASS, , ,FAIL, , , ,FAIL,PASS,FAIL,FAIL,PASS,PASS,PASS,PASS,PASS,PASS,PASS,PASS,FAIL, ,PASS, , ,FAIL, ,PASS, , , , , , , , , ,PASS,FAIL, , , ,PASS,PASS, ,FAIL, , ,PASS, ,PASS,PASS, , , ,PASS, ,PASS,PASS, ,PASS, , ,PASS, , ,FAIL, , ,PASS,FAIL,PASS,PASS,FAIL,PASS,PASS, , ,PASS,FAIL,PASS,FAIL,FAIL,FAIL, , , , , , , , , , , , , , , , , , , , , , , , , , , ,PASS, , , , , , , , ,PASS, , , , , , , , , , , , , , ,38,
108, , ,PASS,PASS,PASS,PASS,PASS,PASS, ,PASS,PASS,PASS,PASS,PASS,PASS, ,PASS,PASS,PASS, , ,PASS,PASS,PASS,PASS,PASS,PASS,PASS,PASS,PASS,PASS,PASS,PASS,PASS,PASS,PASS, ,PASS,PASS,PASS, ,PASS, ,PASS, ,PASS,PASS, , ,PASS, ,PASS,PASS,PASS, ,PASS,PASS, ,PASS,PASS, , ,PASS, , , ,PASS,PASS,PASS,PASS, ,PASS, ,PASS,PASS,PASS, ,PASS,PASS, ,PASS, , , , ,PASS, , , , , , , , , ,PASS, , , , ,PASS,PASS, ,PASS, , ,PASS, ,PASS,PASS, , , , , ,PASS,PASS, ,PASS, , ,PASS, , ,PASS, , ,PASS,PASS, ,PASS,PASS,PASS,PASS, , ,PASS,PASS, ,PASS,PASS, , , , , , , , , , , , , , , , , , , , , , , , , , , , , , , , , , , , , ,PASS, , , , , , , , , , , , , , ,0,
109,PASS,PASS,PASS,PASS,PASS,PASS,PASS,PASS,PASS,PASS,PASS,PASS,PASS,PASS,PASS,PASS,PASS,PASS,PASS,PASS,PASS,PASS,PASS,PASS,PASS,PASS,PASS,PASS,PASS,PASS,PASS,PASS,PASS,PASS,PASS,PASS,PASS,PASS,PASS,PASS,PASS,PASS,PASS,PASS,PASS,PASS,PASS,PASS, ,PASS,PASS,PASS,PASS,PASS,PASS,PASS,PASS, ,PASS,PASS, , ,PASS, , , ,PASS,PASS,PASS,PASS,PASS,PASS,PASS,PASS,PASS,PASS,PASS, ,PASS, ,PASS, , ,PASS, ,PASS, , , , , , , , , ,PASS,PASS, , , ,PASS,PASS, ,PASS, , ,PASS, , ,PASS, , , ,PASS, ,PASS,PASS, ,PASS, , , , , ,PASS, , ,PASS,PASS,PASS,PASS,PASS, ,PASS, , , ,PASS,PASS,PASS,PASS,PASS, , , , , , , , , , , , , , , , , , , , , , , , , , , ,PASS, , , , , , , , , , , , , , , , , , , , , , , ,0,
11,PASS,PASS,PASS,PASS,PASS,PASS,PASS,PASS,PASS,PASS,PASS,PASS,PASS,PASS,PASS,PASS,PASS,PASS,PASS,PASS,PASS,PASS,PASS,PASS,PASS,PASS,PASS,PASS,PASS,PASS,PASS,PASS,PASS,PASS,PASS,PASS,PASS,PASS,PASS,PASS,PASS,PASS,PASS,PASS,PASS,PASS,PASS,PASS,PASS,PASS,PASS,PASS,PASS,PASS,PASS,PASS,PASS,PASS,PASS,PASS,PASS,PASS,PASS,PASS,EXC,PASS,PASS,PASS,PASS,PASS,PASS,PASS,PASS,PASS,PASS,PASS,PASS,PASS,FAIL,PASS,PASS,PASS,PASS,PASS,PASS,PASS,PASS,PASS,PASS,PASS,PASS,PASS,PASS,PASS,PASS,PASS,PASS,PASS,PASS,PASS,PASS,PASS,PASS,PASS,PASS,PASS,PASS,PASS,PASS,PASS,PASS,PASS,PASS,PASS,PASS,PASS,PASS,PASS,PASS,PASS,PASS,PASS,PASS,PASS,PASS,PASS,PASS,PASS,PASS,PASS,PASS,PASS,PASS,PASS,PASS,PASS,PASS,PASS,PASS,PASS,PASS,PASS, , ,PASS,FAIL, , , , , ,PASS, , , , , ,PASS,PASS,PASS,PASS,PASS,PASS,PASS,PASS,PASS,PASS,PASS,PASS,PASS,PASS,PASS,PASS,PASS,PASS,PASS,PASS,PASS,PASS,PASS,PASS,PASS,PASS,PASS,PASS,PASS,PASS,PASS,PASS,PASS,PASS,PASS,PASS,3,
110,PASS,FAIL,PASS,PASS,PASS,FAIL,FAIL,PASS,FAIL,PASS,FAIL,PASS,PASS,FAIL,PASS,PASS,PASS,PASS,FAIL,FAIL,FAIL,FAIL,PASS,PASS,PASS,PASS,FAIL,FAIL,PASS,PASS,FAIL,FAIL,PASS,PASS,PASS,PASS,PASS,FAIL,FAIL,PASS,FAIL,PASS,FAIL,PASS,FAIL,PASS,PASS,PASS, ,FAIL,FAIL,PASS,FAIL,PASS,PASS,PASS,FAIL, ,PASS,PASS, , ,FAIL, , , ,FAIL,PASS,FAIL,FAIL,PASS,PASS,PASS,PASS,PASS,PASS,PASS, ,FAIL, ,PASS, , ,FAIL, ,PASS, , , , , , , , , ,PASS,FAIL, , , ,PASS,PASS, ,FAIL, , ,PASS, , ,PASS, , , ,PASS, ,PASS,PASS, ,PASS, , , , , ,FAIL, , ,PASS,FAIL,PASS,PASS,FAIL, ,PASS, , , ,FAIL,PASS,FAIL,FAIL,FAIL, , , , , , , , , , , , , , , , , , , , , , , , , , , ,PASS, , , , , , , , , , , , , , , , , , , , , , , ,38,
111,PASS,FAIL,PASS,PASS,PASS,FAIL,FAIL,PASS,FAIL,PASS,FAIL,PASS,PASS,FAIL,PASS,PASS,PASS,PASS,FAIL,FAIL,FAIL,FAIL,PASS,PASS,PASS,PASS,FAIL,FAIL,PASS,PASS,FAIL,FAIL,PASS,PASS,PASS,PASS,PASS,FAIL,FAIL,PASS,FAIL,PASS,FAIL, ,FAIL,PASS,PASS,PASS, ,FAIL,FAIL,PASS,FAIL,PASS,PASS,PASS,FAIL, ,PASS,PASS, , ,FAIL, , , ,FAIL, ,FAIL,FAIL,PASS,PASS,PASS,PASS,PASS,PASS,PASS, ,FAIL, ,PASS, , ,FAIL, ,PASS, , , , , , , , , ,PASS,FAIL, , , , ,PASS, ,FAIL, , ,PASS, , ,PASS, , , ,PASS, ,PASS,PASS, ,PASS, , , , , ,FAIL, , ,PASS,FAIL,PASS,PASS,FAIL, ,PASS, , , ,FAIL,PASS,FAIL,FAIL,FAIL, , , , , , , , , , , , , , , , , , , , , , , , , , , ,PASS, , , , , , , , , , , , , , , , , , , , , , , ,38,
112,PASS,PASS,PASS,PASS,PASS,PASS,PASS,PASS,PASS,PASS,PASS,PASS,PASS,PASS,PASS,PASS,PASS,PASS,PASS,PASS,PASS,PASS,PASS,PASS,PASS,PASS,PASS,PASS,PASS,PASS,FAIL,PASS,PASS,PASS,PASS,PASS,PASS,PASS,PASS,PASS,PASS,PASS,PASS,PASS,PASS,PASS,PASS,PASS, ,PASS,PASS,PASS,PASS,PASS,FAIL,PASS,PASS, ,PASS,PASS, , ,PASS, , , ,PASS,PASS,PASS,PASS, ,PASS, , ,PASS,PASS,PASS,PASS,PASS, , , , ,PASS, , , , , , , , , , , ,PASS,PASS, , , ,PASS,PASS, ,PASS, , ,PASS, , ,PASS, , , , , ,PASS,PASS, , , , , , , ,PASS, , ,PASS,PASS, ,PASS,FAIL, ,PASS, , , ,FAIL, ,PASS,PASS,PASS, , , , , , , , , , , , , , , , , , , , , , , , , , , , , , , , , , , , ,PASS, , , , , , , , , , , , , , ,4,
113,PASS,PASS,PASS,PASS,PASS,PASS,PASS,PASS,PASS,PASS,PASS,PASS,PASS,PASS,PASS,PASS,PASS,PASS,PASS,PASS,PASS,PASS,PASS,PASS,PASS,PASS,PASS,PASS,PASS,PASS,FAIL,PASS,PASS,PASS,PASS,PASS,PASS,PASS,PASS,PASS,PASS,PASS,PASS,PASS,PASS,PASS,PASS,PASS, ,PASS,PASS,PASS,PASS,PASS,FAIL,PASS,PASS, ,PASS,EXC, , ,PASS, , , ,PASS,PASS,PASS,EXC, ,PASS, , ,PASS,PASS,PASS,PASS,PASS, , , , ,PASS, , , , , , , , , , , ,PASS,PASS, , , ,PASS,PASS, ,PASS, , ,PASS, , ,PASS, , , , , ,PASS,PASS, , , , , , , ,PASS, , ,PASS,PASS, ,PASS,FAIL, ,PASS, , , ,FAIL, ,PASS,PASS,PASS, , , , , , , , , , , , , , , , , , , , , , , , , , , , , , , , , , , , ,PASS, , , , , , , , , , , , , , ,6,
114,PASS,PASS,PASS,PASS,PASS,PASS,PASS,PASS,PASS,PASS,PASS,PASS,PASS,PASS,PASS,PASS,PASS,PASS,PASS,PASS,PASS,PASS,PASS,PASS,PASS,PASS,PASS,PASS,PASS,PASS,PASS,PASS,PASS,PASS,PASS,PASS,PASS,PASS,PASS,PASS,PASS,PASS,PASS,PASS,PASS,PASS,PASS,PASS, ,PASS,PASS,PASS,PASS,PASS,PASS,PASS,PASS, ,PASS,EXC, , ,PASS, , , ,PASS,PASS,PASS,EXC, ,PASS, , ,PASS,PASS,PASS,PASS,PASS, , , , ,PASS, , , , , , , , , , , ,PASS,PASS, , , ,PASS,PASS, ,PASS, , ,PASS, , ,PASS, , , , , ,PASS,PASS, , , , , , , ,PASS, , ,PASS,PASS, ,PASS,PASS, ,PASS, , , ,PASS, ,PASS,PASS,PASS, , , , , , , , , , , , , , , , , , , , , , , , , , , , , , , , , , , , ,PASS, , , , , , , , , , , , , , ,2,
115,PASS,PASS,PASS,PASS,PASS,PASS,PASS,PASS,PASS,PASS,PASS,PASS,PASS,PASS,PASS,PASS,PASS,PASS,PASS,PASS,PASS,PASS,PASS,PASS,PASS,PASS,PASS,PASS,PASS,PASS,FAIL,PASS,PASS,PASS,PASS,PASS,PASS,PASS,PASS,PASS,PASS,PASS,PASS,PASS,PASS,PASS,PASS,PASS, ,PASS,PASS,PASS,PASS,PASS,FAIL,PASS,PASS, ,PASS,PASS, , ,PASS, , , ,PASS,PASS,PASS,PASS, ,PASS, , ,PASS,PASS,PASS,PASS,PASS, , , , ,PASS, , , , , , , , , , , ,PASS,PASS, , , ,PASS,PASS, ,PASS, , ,PASS, , ,PASS, , , , , ,PASS,PASS, , , , , , , ,PASS, , ,PASS,PASS, ,PASS,FAIL, ,PASS, , , ,FAIL, ,PASS,PASS,PASS, , , , , , , , , , , , , , , , , , , , , , , , , , , , , , , , , , , , ,PASS, , , , , , , , , , , , , , ,4,
116,PASS,PASS,PASS,TIME,PASS,PASS,PASS,PASS,PASS,PASS,PASS,PASS,PASS,PASS,PASS,PASS,PASS,PASS,PASS,PASS,PASS,PASS,PASS,PASS,PASS,PASS,PASS,PASS,PASS,PASS,FAIL,PASS,PASS,PASS,PASS,PASS,PASS,PASS,PASS,PASS,PASS,PASS,PASS,PASS,PASS,PASS,PASS,PASS, ,PASS,PASS,PASS,PASS,PASS,FAIL,PASS,PASS, ,PASS,PASS, , ,PASS, , , ,PASS,PASS,PASS,PASS, ,PASS, , ,PASS,PASS,PASS,PASS,PASS, , , , ,PASS, , , , , , , , , , , ,PASS,PASS, , , ,PASS,PASS, ,PASS, , ,PASS, , ,PASS, , , , , ,PASS,PASS, , , , , , , ,PASS, , ,PASS,PASS, ,PASS,FAIL, ,PASS, , , ,FAIL, ,PASS,PASS,PASS, , , , , , , , , , , , , , , , , , , , , , , , , , , , , , , , , , , , ,PASS, , , , , , , , , , , , , , ,5,
117,PASS,PASS,PASS,PASS,PASS,PASS,PASS,PASS,PASS,PASS,PASS,PASS,PASS,PASS,PASS,PASS,PASS,PASS,PASS,PASS,PASS,PASS,PASS,PASS,PASS,PASS,PASS,PASS,PASS,PASS,PASS,PASS,PASS,PASS,PASS,PASS,PASS,PASS,PASS,PASS,PASS,PASS,PASS,PASS,PASS,PASS,PASS,PASS, ,PASS,PASS,PASS,PASS,PASS,PASS,PASS,PASS, ,PASS,PASS, , ,PASS, , , ,PASS,PASS,PASS,PASS, ,PASS, , ,PASS,PASS,PASS,PASS,PASS, , , , ,PASS, , , , , , , , , , , ,PASS,PASS, , , ,PASS,PASS, ,PASS, , ,PASS, , ,PASS, , , , , ,PASS,PASS, , , , , , , ,PASS, , ,PASS,PASS, ,PASS,PASS, ,PASS, , , ,PASS, ,PASS,PASS,PASS, , , , , , , , , , , , , , , , , , , , , , , , , , , , , , , , , , , , ,PASS, , , , , , , , , , , , , , ,0,
118,PASS,PASS,PASS,PASS,PASS,PASS,PASS,PASS,PASS,PASS,PASS,PASS,PASS,PASS,PASS,PASS,PASS,PASS,PASS,PASS,PASS,PASS,PASS,PASS,PASS,PASS,PASS,PASS,PASS,PASS,FAIL,PASS,PASS,PASS,PASS,PASS,PASS,PASS,PASS,PASS,PASS,PASS,PASS,PASS,PASS,PASS,PASS,PASS, ,PASS,PASS,PASS,PASS,PASS,FAIL,PASS,PASS, ,PASS,PASS, , ,PASS, , , ,PASS,PASS,PASS,PASS, ,PASS, , ,PASS,PASS,PASS,PASS,PASS, , , , ,PASS, , , , , , , , , , , ,PASS,PASS, , , ,PASS,PASS, ,PASS, , ,PASS, , ,PASS, , , , , ,PASS,PASS, , , , , , , ,PASS, , ,PASS,PASS, ,PASS,FAIL, ,PASS, , , ,FAIL, ,PASS,PASS,PASS, , , , , , , , , , , , , , , , , , , , , , , , , , , , , , , , , , , , ,PASS, , , , , , , , , , , , , , ,4,
119,PASS,PASS,PASS,PASS,PASS,PASS,PASS,PASS,PASS,PASS,PASS,PASS,PASS,PASS,PASS,PASS,PASS,PASS,PASS,PASS,PASS,PASS,PASS,PASS,PASS,PASS,PASS,PASS,PASS,PASS,PASS,PASS,PASS,PASS,PASS,PASS,PASS,PASS,PASS,PASS,PASS,PASS,PASS,PASS,PASS,PASS,PASS,PASS, ,PASS,PASS,PASS,PASS,PASS,PASS,PASS,PASS, ,PASS,EXC, , ,PASS, , , ,PASS,PASS,PASS,EXC, ,PASS, , ,PASS,PASS,PASS,PASS,PASS, , , , ,PASS, , , , , , , , , , , ,PASS,PASS, , , ,PASS,PASS, ,PASS, , ,PASS, , ,PASS, , , , , ,PASS,PASS, , , , , , , ,PASS, , ,PASS,PASS, ,PASS,PASS, ,PASS, , , ,PASS, ,PASS,PASS,PASS, , , , , , , , , , , , , , , , , , , , , , , , , , , , , , , , , , , , ,PASS, , , , , , , , , , , , , , ,2,
12,PASS,PASS,PASS,PASS,PASS,PASS,PASS,PASS,PASS,PASS,TIME,PASS,PASS,PASS,PASS,PASS,PASS,PASS,PASS,PASS,PASS,PASS,PASS,PASS,PASS,PASS,PASS,PASS,PASS,PASS,PASS,PASS,PASS,PASS,PASS,PASS,PASS,PASS,PASS,PASS,PASS,PASS,PASS,PASS,PASS,PASS,PASS,PASS,PASS,PASS,PASS,PASS,PASS,PASS,PASS,PASS,PASS,PASS,PASS,PASS,PASS,PASS,PASS,PASS,TIME,PASS,PASS,PASS,PASS,PASS,PASS,PASS,PASS,PASS,PASS,PASS,PASS,PASS,FAIL,PASS,PASS,PASS,PASS,PASS,PASS,PASS,PASS,PASS,PASS,PASS,PASS,PASS,PASS,PASS,PASS,PASS,PASS,PASS,PASS,PASS,PASS,PASS,PASS,PASS,PASS,PASS,PASS,PASS,PASS,PASS,PASS,PASS,PASS,PASS,PASS,PASS,PASS,PASS,PASS,PASS,PASS,PASS,PASS,PASS,PASS,PASS,PASS,PASS,PASS,PASS,PASS,PASS,PASS,PASS,PASS,PASS,PASS,PASS,PASS,PASS,PASS,PASS, , ,PASS,EXC, , , , , ,PASS, , , , , ,PASS,PASS,PASS,PASS,PASS,PASS,PASS,PASS,PASS,PASS,PASS,PASS,PASS,PASS,PASS,PASS,PASS,PASS,PASS,PASS,PASS,PASS,PASS,PASS,PASS,PASS,PASS,PASS,PASS,PASS,PASS,PASS,PASS,PASS,PASS,PASS,4,
120,PASS,PASS,PASS,PASS,PASS,PASS,PASS,PASS,PASS,PASS,PASS,PASS,PASS,PASS,PASS,PASS,PASS,PASS,PASS,PASS,PASS,PASS,PASS,PASS,PASS,PASS,PASS,PASS,PASS,PASS,PASS,PASS,PASS,PASS,PASS,PASS,PASS,PASS,PASS,PASS,PASS,PASS,PASS,PASS,PASS,PASS,PASS,PASS, ,PASS,PASS,PASS,PASS,PASS,PASS,PASS,PASS, ,PASS,EXC, , ,PASS, , , ,PASS,PASS,PASS,EXC, ,PASS, , ,PASS,PASS,PASS,PASS,PASS, , , , ,PASS, , , , , , , , , , , ,PASS,PASS, , , ,PASS,PASS, ,PASS, , ,PASS, , ,PASS, , , , , ,PASS,PASS, , , , , , , ,PASS, , ,PASS,PASS, ,PASS,PASS, ,PASS, , , ,PASS, ,PASS,PASS,PASS, , , , , , , , , , , , , , , , , , , , , , , , , , , , , , , , , , , , ,PASS, , , , , , , , , , , , , , ,2,
121,PASS,PASS,PASS,PASS,PASS,PASS,PASS,PASS,PASS,PASS,PASS,PASS,PASS,PASS,PASS,PASS,PASS,PASS,PASS,PASS,PASS,PASS,PASS,PASS,PASS,PASS,PASS,PASS,PASS,PASS,FAIL,PASS,PASS,PASS,PASS,PASS,PASS,PASS,PASS,PASS,PASS,PASS,PASS,PASS,PASS,PASS,PASS,PASS, ,PASS,PASS,PASS,PASS,PASS,FAIL,PASS,PASS, ,PASS,EXC, , ,PASS, , , ,PASS,PASS,PASS,EXC, ,PASS, , ,PASS,PASS,PASS,PASS,PASS, , , , ,PASS, , , , , , , , , , , ,PASS,PASS, , , ,PASS,PASS, ,PASS, , ,PASS, , ,PASS, , , , , ,PASS,PASS, , , , , , , ,PASS, , ,PASS,PASS, ,PASS,FAIL, ,PASS, , , ,FAIL, ,PASS,PASS,PASS, , , , , , , , , , , , , , , , , , , , , , , , , , , , , , , , , , , , ,PASS, , , , , , , , , , , , , , ,6,
122,PASS,PASS,PASS,PASS,PASS,PASS,PASS,PASS,PASS,PASS,PASS,PASS,PASS,PASS,PASS,PASS,PASS,PASS,PASS,PASS,PASS,PASS,PASS,PASS,PASS,PASS,PASS,PASS,PASS,PASS,PASS,PASS,PASS,PASS,PASS,PASS,PASS,PASS,PASS,PASS,PASS,PASS,PASS,PASS,PASS,PASS,PASS,PASS, ,PASS,PASS,PASS,PASS,PASS,PASS,PASS,PASS, ,PASS,PASS, , ,PASS, , , ,PASS,PASS,PASS,PASS, ,PASS, , ,PASS,PASS,PASS,PASS,PASS, , , , ,PASS, , , , , , , , , , , ,PASS,PASS, , , ,PASS,PASS, ,PASS, , ,PASS, , ,PASS, , , , , ,PASS,PASS, , , , , , , ,PASS, , ,PASS,PASS, ,PASS,PASS, ,PASS, , , ,PASS, ,PASS,PASS,PASS, , , , , , , , , , , , , , , , , , , , , , , , , , , , , , , , , , , , ,PASS, , , , , , , , , , , , , , ,0,
123,PASS,PASS,PASS,PASS,PASS,PASS,PASS,PASS,PASS,PASS,PASS,PASS,PASS,PASS,PASS,PASS,PASS,PASS,PASS,PASS,PASS,PASS,PASS,PASS,PASS,PASS,PASS,PASS,PASS,PASS,PASS,PASS,PASS,PASS,PASS,PASS,PASS,PASS,PASS,PASS,PASS,PASS,PASS,PASS,PASS,PASS,PASS,PASS, ,PASS,PASS,PASS,PASS,PASS,PASS,PASS,PASS, ,PASS,PASS, , ,PASS, , , ,PASS,PASS,PASS,PASS, ,PASS, , ,PASS,PASS,PASS,PASS,PASS, , , , ,PASS, , , , , , , , , , , ,PASS,PASS, , , ,PASS,PASS, ,PASS, , ,PASS, , ,PASS, , , , , ,PASS,PASS, , , , , , , ,PASS, , ,PASS,PASS, ,PASS,PASS, ,PASS, , , ,PASS, ,PASS,PASS,PASS, , , , , , , , , , , , , , , , , , , , , , , , , , , , , , , , , , , , ,PASS, , , , , , , , , , , , , , ,0,
124,PASS,PASS,PASS,PASS,PASS,PASS,PASS,PASS,PASS,PASS,PASS,PASS,PASS,PASS,PASS,PASS,PASS,PASS,PASS,PASS,PASS,PASS,PASS,PASS,PASS,PASS,PASS,PASS,PASS,PASS,PASS,PASS,PASS,PASS,PASS,PASS,PASS,PASS,PASS,PASS,PASS,PASS,PASS,PASS,PASS,PASS,PASS,PASS, ,PASS,PASS,PASS,PASS,PASS,PASS,PASS,PASS, ,PASS,EXC, , ,PASS, , , ,PASS,PASS,PASS,EXC, ,PASS, , ,PASS,PASS,PASS,PASS,PASS, , , , ,PASS, , , , , , , , , , , ,PASS,PASS, , , ,PASS,PASS, ,PASS, , ,PASS, , ,PASS, , , , , ,PASS,PASS, , , , , , , ,PASS, , ,PASS,PASS, ,PASS,PASS, ,PASS, , , ,PASS, ,PASS,PASS,PASS, , , , , , , , , , , , , , , , , , , , , , , , , , , , , , , , , , , , ,PASS, , , , , , , , , , , , , , ,2,
125,PASS,PASS,PASS,PASS,PASS,PASS,PASS,PASS,PASS,PASS,PASS,PASS,PASS,PASS,PASS,PASS,PASS,PASS,PASS,PASS,PASS,PASS,PASS,PASS,PASS,PASS,PASS,PASS,PASS,PASS,FAIL,PASS,PASS,PASS,PASS,PASS,PASS,PASS,PASS,PASS,PASS,PASS,PASS,PASS,PASS,PASS,PASS,PASS, ,PASS,PASS,PASS,PASS,PASS,FAIL,PASS,PASS, ,PASS,PASS, , ,PASS, , , ,PASS,PASS,PASS,PASS, ,PASS, , ,PASS,PASS,PASS,PASS,TIME, , , , ,PASS, , , , , , , , , , , ,PASS,PASS, , , ,PASS,PASS, ,PASS, , ,PASS, , ,PASS, , , , , ,PASS,PASS, , , , , , , ,PASS, , ,PASS,PASS, ,PASS,FAIL, ,PASS, , , ,FAIL, ,PASS,PASS,PASS, , , , , , , , , , , , , , , , , , , , , , , , , , , , , , , , , , , , ,PASS, , , , , , , , , , , , , , ,5,
126, , , , , , , , , , , , , , , , , , , , , , , , , , , , , , , , , , , , , , , , , , , , , , , , , , , , , , , , , , , ,PASS, , , , , , , ,PASS, ,PASS, , , , , , , , , , , , , , , , , , , , , , , , , , , , , , , ,PASS, , , , , , , , , , , , , , , , , , , , , , , , , , , , , , , , , , , , , , , , , , , , , , , , , , , , , , , , , , , , , , , , , , , , , , , , , , , , ,PASS, , , , , , , , , , , , , , ,0,
127,PASS,PASS,PASS,PASS,PASS,PASS,PASS,PASS,PASS,PASS,PASS,PASS,PASS,PASS,PASS,PASS,PASS,PASS,PASS,PASS,PASS,PASS,PASS,PASS,PASS,PASS,PASS,PASS,PASS,PASS,PASS,PASS,PASS,PASS,PASS,PASS,PASS,PASS,PASS,PASS,PASS,PASS,PASS,PASS,PASS,PASS,PASS,PASS, ,PASS,PASS,PASS,PASS,PASS,PASS,PASS,PASS, ,PASS,PASS, , ,PASS, , , ,PASS,PASS,PASS,PASS, ,PASS, , ,PASS,PASS,PASS,PASS,PASS, , , , ,PASS, , , , , , , , , , , ,PASS,PASS, , , ,PASS,PASS, ,PASS, , ,PASS, , ,PASS, , , , , ,PASS,PASS, , , , , , , ,PASS, , ,PASS,PASS, ,PASS,PASS, ,PASS, , , ,PASS, ,PASS,PASS,PASS, , , , , , , , , , , , , , , , , , , , , , , , , , , , , , , , , , , , , , , , , , , , , , , , , , , ,0,
128,PASS,PASS,PASS,PASS,PASS,PASS,PASS,PASS,PASS,PASS,PASS,PASS,PASS,PASS,PASS,PASS,PASS,PASS,PASS,PASS,PASS,PASS,PASS,PASS,PASS,PASS,PASS,PASS,PASS,PASS,FAIL,PASS,PASS,PASS,PASS,PASS,PASS,PASS,PASS,PASS,PASS,PASS,PASS,PASS,PASS,PASS,PASS,PASS, ,PASS,PASS,PASS,PASS,PASS,FAIL,PASS,PASS, ,PASS,TIME, , ,PASS, , , ,PASS,PASS,PASS,PASS, ,PASS, , ,PASS,PASS,PASS,PASS,PASS, , , , ,PASS, , , , , , , , , , , ,PASS,PASS, , , ,PASS,PASS, ,PASS, , ,PASS, , ,PASS, , , , , ,PASS,PASS, , , , , , , ,PASS, , ,PASS,PASS, ,PASS,FAIL, ,PASS, , , ,FAIL, ,PASS,PASS,PASS, , , , , , , , , , , , , , , , , , , , , , , , , , , , , , , , , , , , , , , , , , , , , , , , , , , ,5,
129,PASS,PASS,PASS,PASS,PASS,PASS,PASS,PASS,PASS,PASS,PASS,PASS,PASS,PASS,PASS,PASS,PASS,PASS,PASS,PASS,PASS,PASS,PASS,PASS,PASS,PASS,PASS,PASS,PASS,PASS,FAIL,PASS,PASS,PASS,PASS,PASS,PASS,PASS,PASS,PASS,PASS,PASS,PASS, ,PASS,PASS,PASS,PASS, ,PASS,PASS,PASS,PASS,PASS,FAIL,PASS,PASS, ,PASS,PASS, , ,PASS, , , ,PASS, ,PASS,PASS, ,PASS, , ,PASS,PASS,PASS, ,PASS, , , , ,PASS, , , , , , , , , , , ,PASS,PASS, , , ,PASS,PASS, ,PASS, , ,PASS, , ,PASS, , , , , ,PASS,PASS, , , , , , , ,PASS, , ,PASS,PASS, ,PASS,FAIL, ,PASS, , , ,FAIL, ,PASS,PASS,PASS, , , , , , , , , , , , , , , , , , , , , , , , , , , , , , , , , , , , , , , , , , , , , , , , , , , ,4,
13, , , , , , , , , , , , , , , , , , , , , , , , , , , , , , , , , , , , , , , , , , , , , , , , , , , , , , , , , , , , , , , , , , , , , , , , , , , , , , , , , , , , , , , , , , , , , , , , , , , , , , , , , , , , , , , , , , , , , , , , , , , , , , , , , , , , , , , , , , , , , , , , , , , , , , , , , , , , , , , , , , , , , , , , , , , , , , , , , , , , , , , , , , , , , , , , , ,0,
130, ,EXC, , , ,EXC,EXC, ,EXC, ,EXC, , ,EXC, , , , ,EXC,EXC,EXC,EXC, ,EXC, ,EXC,EXC,EXC, , ,EXC,EXC,EXC,EXC, , , ,EXC,EXC, ,EXC, ,EXC, ,EXC,EXC, , , ,EXC,EXC,EXC,EXC, ,EXC, ,EXC, , , , , ,EXC, , , ,EXC, ,EXC,EXC, , , , , , ,EXC, ,EXC, , , , ,EXC, , , , , , , , , , , , ,EXC, , , , , , ,EXC, , , , , , , , , , , , , , , , , , , , ,EXC, , , ,EXC, , ,EXC, , , , , ,EXC, ,EXC,EXC,EXC, , , , , , , , , , , , ,FAIL, , , , , , , , , , , , , , , , , , , , , , , , , , , , , , , , , , , , , , ,47,
131, ,PASS, , , ,PASS,PASS, ,PASS, ,PASS, , ,PASS, , , , ,PASS,PASS,PASS,PASS, ,PASS, ,PASS,PASS,PASS, , ,PASS,PASS,PASS,PASS, , , ,PASS,PASS, ,PASS, ,PASS, ,PASS,PASS, , , ,PASS,PASS,PASS,PASS, ,PASS, ,PASS, , , , , ,PASS, , , ,PASS, ,PASS,PASS, , , , , , ,PASS, ,PASS, , , , ,PASS, , , , , , , , , , , , ,PASS, , , , , , ,PASS, , , , , , , , , , , , , , , , , , , , ,PASS, , , ,PASS, , ,PASS, , , , , ,PASS, ,PASS,PASS,PASS, , , , , , , , , , , , ,PASS, , , , , , , , , , , , , , , , , , , , , , , , , , , , , , , , , , , , , , ,0,
132, ,EXC, , , ,EXC,EXC, ,EXC, ,EXC, , ,EXC, , , , ,EXC,EXC,EXC,EXC, ,EXC, ,EXC,EXC,EXC, , ,EXC,EXC,EXC,EXC, , , ,EXC,EXC, ,EXC, ,EXC, ,EXC,EXC, , , ,EXC,EXC,EXC,EXC, ,EXC, ,EXC, , , , , ,EXC, , , ,EXC, ,EXC,EXC, , , , , , ,EXC, ,EXC, , , , ,EXC, , , , , , , , , , , , ,EXC, , , , , , ,EXC, , , , , , , , , , , , , , , , , , , , ,EXC, , , ,EXC, , ,EXC, , , , , ,EXC, ,EXC,EXC,EXC, , , , , , , , , , , , ,PASS, , , , , , , , , , , , , , , , , , , , , , , , , , , , , , , , , , , , , , ,46,
133, ,EXC, , , ,EXC,EXC, ,EXC, ,EXC, , ,EXC, , , , ,EXC,EXC,EXC,EXC, ,EXC, ,EXC,EXC,EXC, , ,EXC,EXC,EXC,EXC, , , ,EXC,EXC, ,EXC, ,EXC, ,EXC,EXC, , , ,EXC,EXC,EXC,EXC, ,EXC, ,EXC, , , , , ,EXC, , , ,EXC, ,EXC,EXC, , , , , , ,EXC, ,EXC, , , , ,EXC, , , , , , , , , , , , ,EXC, , , , , , ,EXC, , , , , , , , , , , , , , , , , , , , ,EXC, , , ,EXC, , ,EXC, , , , , ,EXC, ,EXC,EXC,EXC, , , , , , , , , , , , ,FAIL, , , , , , , , , , , , , , , , , , , , , , , , , , , , , , , , , , , , , , ,47,
14, , , , ,EXC, , , , , , , ,TIME, , ,EXC, ,EXC, , , , , , , ,EXC, , ,EXC, , , , , , ,EXC, , ,EXC, , , , , , , ,EXC, , ,EXC,EXC,EXC,EXC,EXC, , , , , ,EXC, , , , , , , , , ,EXC, ,EXC, , , , , ,EXC,EXC, , , , , , , , , , , , , , , , ,EXC, , , , , , , ,EXC, , , , , , , , , , , , , , , , , , , , , , , ,EXC, , , , , , , , , , , ,EXC, , , , ,EXC, , , , , , , , , , , , , , , , , , , , , , , , , , , , , , , , , , , , , , , , , , , , , , , , ,24,
15, , , , ,PASS, , , , , , , ,PASS, , ,PASS, ,PASS, , , , , , , ,PASS, , ,PASS, , , , , , ,PASS, , ,PASS, , , , , , , ,PASS, , ,PASS,FAIL,FAIL,FAIL,PASS, , , , , ,PASS, , , , , , , , , ,PASS, ,PASS, , , , , ,PASS,FAIL, , , , , , , , , , , , , , , , ,PASS, , , , , , , ,PASS, , , , , , , , , , , , , , , , , , , , , , , ,PASS, , , , , , , , , , , ,FAIL, , , , ,PASS, , , , , , , , , , , , , , , , , , , , , , , , , , , , , , , , , , , , , , , , , , , , , , , , ,5,
16, , , , ,EXC, , , , , , , ,EXC, , ,EXC, ,EXC, , , , , , , ,EXC, , ,EXC, , , , , , ,EXC, , ,EXC, , , , , , , ,EXC, , ,EXC,EXC,EXC,EXC,EXC, , , , , ,EXC, , , , , , , , , ,EXC, ,EXC, , , , , ,EXC,EXC, , , , , , , , , , , , , , , , ,EXC, , , , , , , ,EXC, , , , , , , , , , , , , , , , , , , , , , , ,EXC, , , , , , , , , , , ,EXC, , , , ,EXC, , , , , , , , , , , , , , , , , , , , , , , , , , , , , , , , , , , , , , , , , , , , , , , , ,24,
17,PASS,FAIL,PASS,PASS,PASS,FAIL,FAIL,PASS,FAIL,PASS,TIME,PASS,PASS,FAIL,PASS,PASS,PASS,PASS,FAIL,FAIL,FAIL,FAIL,PASS,PASS,PASS,PASS,FAIL,FAIL,PASS,PASS,FAIL,FAIL,PASS,PASS,PASS,PASS,PASS,FAIL,FAIL,PASS,FAIL,PASS,FAIL,PASS,FAIL,PASS,PASS,PASS,PASS,FAIL,FAIL,FAIL,FAIL,PASS,FAIL,PASS,FAIL,PASS,PASS,PASS,PASS,PASS,FAIL,PASS,TIME,PASS,FAIL,PASS,FAIL,FAIL,PASS,PASS,PASS,PASS,PASS,PASS,PASS,PASS,FAIL,PASS,PASS,PASS,PASS,FAIL,PASS,PASS,PASS,PASS,PASS,PASS,PASS,PASS,PASS,PASS,PASS,PASS,FAIL,PASS,PASS,PASS,PASS,PASS,PASS,FAIL,PASS,PASS,PASS,PASS,PASS,PASS,PASS,PASS,PASS,PASS,PASS,PASS,PASS,PASS,PASS,PASS,PASS,PASS,PASS,PASS,FAIL,PASS,PASS,PASS,FAIL,PASS,PASS,FAIL,PASS,PASS,PASS,PASS,PASS,FAIL,PASS,FAIL,FAIL,FAIL,PASS,PASS,PASS, ,PASS,PASS,PASS,PASS,PASS,PASS,PASS,PASS,PASS,PASS,PASS,PASS,PASS,PASS,PASS,PASS,PASS,PASS,PASS,PASS,PASS,PASS,PASS,PASS,PASS,PASS,PASS,PASS,PASS,PASS,PASS,PASS,PASS,PASS,PASS,PASS,PASS,PASS,PASS,PASS,PASS,PASS,PASS,PASS,PASS,PASS,PASS,41,
18,EXC,EXC,EXC,EXC,EXC,EXC,EXC,EXC,EXC,EXC,TIME,EXC,EXC,EXC,EXC,EXC,EXC,EXC,EXC,EXC,EXC,EXC,EXC,EXC,EXC,EXC,EXC,EXC,EXC,EXC,EXC,EXC,EXC,EXC,EXC,EXC,EXC,EXC,EXC,EXC,EXC,EXC,EXC,EXC,EXC,EXC,EXC,EXC,FAIL,EXC, ,EXC,EXC,EXC,EXC,EXC,EXC,FAIL,EXC,EXC,EXC,TIME,EXC,TIME,PASS,FAIL,EXC,EXC,EXC,EXC,FAIL,EXC,FAIL,FAIL,EXC,FAIL,EXC,EXC,EXC,FAIL,FAIL,FAIL,FAIL,EXC,EXC,FAIL,FAIL,EXC,PASS,FAIL,FAIL,EXC,EXC,FAIL,FAIL,EXC,EXC,EXC,FAIL,FAIL,EXC,EXC,FAIL,EXC,FAIL,FAIL,EXC,FAIL,FAIL,EXC,FAIL,FAIL,EXC,EXC,FAIL,FAIL,EXC,EXC,FAIL,FAIL,FAIL,FAIL,FAIL,FAIL,EXC,FAIL,FAIL,EXC,EXC,FAIL,EXC,EXC,EXC,EXC,FAIL,FAIL,EXC,EXC,FAIL,EXC,EXC,EXC, , , , , , , , ,FAIL, , , , , , , ,PASS,PASS,PASS,PASS,PASS,PASS,PASS,PASS,PASS,PASS,PASS,PASS,PASS,PASS,PASS,PASS,PASS,PASS,PASS,PASS,PASS,PASS,PASS,PASS,PASS,PASS,PASS,PASS,PASS,PASS,PASS,PASS,PASS,PASS,PASS,140,
19,EXC,EXC,EXC,EXC,EXC,EXC,EXC,EXC,EXC,EXC,EXC,EXC,EXC,EXC,EXC,EXC,EXC,EXC,EXC,EXC,EXC,EXC,EXC,EXC,EXC,EXC,EXC,EXC,EXC,EXC,EXC,EXC,EXC,EXC,EXC,EXC,EXC,EXC,EXC,EXC,EXC,EXC,EXC,EXC,EXC,EXC,EXC,EXC,FAIL,EXC,EXC,EXC,EXC,EXC,EXC,EXC,EXC,FAIL,EXC,EXC,EXC,TIME,EXC,TIME,PASS,TIME,EXC,EXC,EXC,EXC,FAIL,EXC,FAIL,FAIL,EXC,FAIL,EXC,EXC,EXC,FAIL,FAIL,FAIL,FAIL,EXC,EXC,FAIL,FAIL,EXC,FAIL,FAIL,FAIL,EXC,EXC,FAIL,FAIL,EXC,EXC,EXC,FAIL,FAIL,EXC,EXC,FAIL,EXC,FAIL,FAIL,EXC,FAIL,FAIL,EXC,FAIL,FAIL,EXC,EXC,FAIL,FAIL,EXC,EXC,FAIL,FAIL,FAIL,FAIL,FAIL,FAIL,EXC,FAIL,FAIL,EXC,EXC,FAIL,EXC,EXC,EXC,EXC,FAIL,FAIL,EXC,EXC,FAIL,EXC,EXC,EXC,FAIL,FAIL, , ,EXC,FAIL,FAIL,FAIL, ,EXC,FAIL,FAIL, ,EXC,EXC,EXC,PASS,PASS,PASS,PASS,PASS,PASS,PASS,PASS,PASS,PASS,PASS,PASS,PASS,PASS,PASS,PASS,PASS,PASS,PASS,PASS,PASS,PASS,PASS,PASS,PASS,PASS,PASS,PASS,PASS,PASS,PASS,PASS,PASS,PASS,PASS,153,
2,EXC,EXC,EXC,EXC,EXC,EXC,EXC,EXC,EXC,EXC,EXC,EXC,EXC,EXC,EXC,EXC,EXC,EXC,EXC,EXC,EXC,EXC,EXC,EXC,EXC,EXC,EXC,EXC,EXC,EXC,EXC,EXC,EXC,EXC,EXC,EXC,EXC,EXC,EXC,EXC,EXC,EXC,EXC,EXC,EXC,EXC,EXC,EXC,PASS,EXC,EXC,EXC,EXC,EXC,EXC,EXC,EXC,PASS,EXC,EXC,PASS,FAIL,EXC,PASS,EXC,PASS,EXC,EXC,EXC,EXC,FAIL,EXC,FAIL,FAIL,EXC,FAIL,TIME,EXC,EXC,PASS,FAIL,PASS,PASS,EXC,PASS,FAIL,PASS,PASS,PASS,PASS,PASS,PASS,PASS,PASS,PASS,EXC,EXC,PASS,PASS,PASS,EXC,EXC,PASS,EXC,PASS,PASS,EXC,PASS,PASS,EXC,PASS,PASS,PASS,EXC,PASS,FAIL,EXC,PASS,FAIL,PASS,PASS,PASS,PASS,PASS,EXC,PASS,PASS,EXC,EXC,FAIL,EXC,EXC,PASS,EXC,PASS,PASS,PASS,EXC,FAIL,EXC,EXC,EXC,PASS,PASS,PASS, ,PASS,PASS,PASS,PASS,PASS,PASS,PASS,PASS,PASS,PASS,PASS,PASS,PASS,PASS,PASS,PASS,PASS,PASS,PASS,PASS,PASS,PASS,PASS,PASS,PASS,PASS,PASS,PASS,PASS,PASS,PASS,PASS,PASS,PASS,PASS,PASS,PASS,PASS,PASS,PASS,PASS,PASS,PASS,PASS,PASS,PASS,PASS,100,
20,EXC,EXC,EXC,EXC,EXC,EXC,EXC,EXC,EXC,EXC,EXC,EXC,EXC,EXC,EXC,EXC,EXC,EXC,EXC,EXC,EXC,EXC,EXC,EXC,EXC,EXC,EXC,EXC,EXC,EXC,EXC,EXC,EXC,EXC,EXC,EXC,EXC,EXC,EXC,EXC,EXC,EXC,EXC,EXC,EXC,EXC,EXC,EXC,PASS,EXC,EXC,EXC,EXC,EXC,EXC,EXC,EXC,PASS,EXC,EXC,PASS,PASS,EXC,PASS,PASS,PASS,EXC,EXC,EXC,EXC,FAIL,EXC,FAIL,FAIL,EXC,FAIL,EXC,EXC,EXC,PASS,FAIL,PASS,PASS,EXC,PASS,FAIL,FAIL,PASS,FAIL,PASS,PASS,PASS,PASS,PASS,PASS,EXC,EXC,PASS,FAIL,PASS,EXC,EXC,PASS,EXC,PASS,FAIL,EXC,PASS,FAIL,EXC,PASS,PASS,PASS,EXC,PASS,FAIL,EXC,PASS,FAIL,PASS,PASS,FAIL,PASS,PASS,EXC,PASS,PASS,EXC,EXC,FAIL,EXC,EXC,EXC,EXC,PASS,PASS,EXC,EXC,FAIL,EXC,EXC,EXC,PASS,PASS, , ,PASS,PASS,PASS,PASS, ,EXC,PASS,PASS, ,PASS,PASS,PASS,PASS,PASS,PASS,PASS,PASS,PASS,PASS,PASS,PASS,PASS,PASS,PASS,PASS,PASS,PASS,PASS,PASS,PASS,PASS,PASS,PASS,PASS,PASS,PASS,PASS,PASS,PASS,PASS,PASS,PASS,PASS,PASS,PASS,PASS,PASS,107,
21,PASS,PASS,PASS,PASS,PASS,PASS,PASS,PASS,PASS,PASS,PASS,PASS,PASS,PASS,PASS,PASS,PASS,PASS,PASS,PASS,PASS,PASS,PASS,PASS,PASS,PASS,PASS,PASS,PASS,PASS,PASS,PASS,PASS,PASS,PASS,PASS,PASS,PASS,PASS,PASS,PASS,PASS,PASS,PASS,PASS,PASS,PASS,PASS,PASS,PASS,PASS,FAIL,PASS,PASS,PASS,PASS,PASS,PASS,PASS,PASS,PASS,PASS,PASS,PASS,PASS,PASS,PASS,PASS,PASS,PASS,PASS,PASS,PASS,PASS,PASS,PASS,PASS,PASS,PASS,PASS,PASS,PASS,PASS,PASS,PASS,PASS,PASS,PASS,PASS,PASS,PASS,PASS,PASS,PASS,PASS,PASS,PASS,PASS,PASS,PASS,PASS,PASS,PASS,PASS,PASS,PASS,PASS,PASS,PASS,PASS,PASS,PASS,PASS,PASS,PASS,PASS,PASS,PASS,PASS,PASS,PASS,PASS,PASS,PASS,PASS,PASS,PASS,PASS,PASS,PASS,PASS,PASS,PASS,PASS,PASS,PASS,PASS,PASS,PASS,PASS,PASS,PASS,PASS,PASS, , ,PASS,PASS,PASS,PASS, ,PASS,PASS,PASS, ,PASS,PASS,PASS,PASS,PASS,PASS,PASS,PASS,PASS,PASS,PASS,PASS,PASS,PASS,PASS,PASS,PASS,PASS,PASS,PASS,PASS,PASS,PASS,PASS,PASS,PASS,PASS,PASS,PASS,PASS,PASS,PASS,PASS,PASS,PASS,PASS,PASS,PASS,1,
22,PASS,FAIL,PASS,PASS,PASS,FAIL,FAIL,PASS,FAIL,PASS,FAIL,PASS,PASS,FAIL,PASS,PASS,PASS,PASS,FAIL,FAIL,FAIL,FAIL,PASS,PASS,PASS,PASS,FAIL,FAIL,PASS,PASS,FAIL,FAIL,PASS,PASS,PASS,PASS,PASS,FAIL,FAIL,PASS,FAIL,PASS,FAIL,PASS,FAIL,PASS,PASS,PASS,PASS,FAIL,FAIL,PASS,FAIL,PASS,PASS,PASS,FAIL,PASS,PASS,PASS,PASS,PASS,FAIL,PASS,PASS,PASS,FAIL,PASS,FAIL,FAIL,PASS,PASS,PASS,PASS,PASS,PASS,PASS,PASS,FAIL,PASS,PASS,PASS,PASS,FAIL,PASS,PASS,PASS,PASS,PASS,PASS,PASS,PASS,PASS,PASS,PASS,PASS,FAIL,PASS,PASS,PASS,PASS,PASS,PASS,FAIL,PASS,PASS,PASS,PASS,PASS,PASS,PASS,PASS,PASS,PASS,PASS,PASS,PASS,PASS,PASS,PASS,PASS,PASS,PASS,PASS,FAIL,PASS,PASS,PASS,FAIL,PASS,PASS,FAIL,PASS,PASS,PASS,PASS,PASS,FAIL,PASS,FAIL,FAIL,FAIL,FAIL,FAIL, , ,FAIL,FAIL,FAIL,FAIL, ,PASS,FAIL,FAIL, ,FAIL,FAIL,PASS,PASS,PASS,PASS,PASS,PASS,PASS,PASS,PASS,PASS,PASS,PASS,PASS,PASS,PASS,PASS,PASS,PASS,PASS,PASS,PASS,PASS,PASS,PASS,PASS,PASS,PASS,PASS,PASS,PASS,PASS,PASS,PASS,PASS,PASS,PASS,48,
23,EXC,EXC,EXC,EXC,EXC,EXC,EXC,EXC,EXC,EXC,EXC,EXC,EXC,EXC,EXC,EXC,EXC,EXC,EXC,EXC,EXC,EXC,EXC,EXC,EXC,EXC,EXC,EXC,EXC,EXC,EXC,EXC,EXC,EXC,EXC,EXC,EXC,EXC,EXC,EXC,EXC,EXC,EXC,EXC,EXC,EXC,EXC,EXC,PASS,EXC,EXC,EXC,EXC,EXC,EXC,EXC,EXC,PASS,EXC,EXC,PASS,PASS,EXC,PASS,PASS,PASS,EXC,EXC,EXC,EXC,FAIL,EXC,FAIL,FAIL,EXC,FAIL,EXC,EXC,EXC,PASS,FAIL,PASS,PASS,EXC,PASS,FAIL,FAIL,PASS,PASS,PASS,PASS,PASS,PASS,PASS,PASS,EXC,EXC,PASS,FAIL,PASS,EXC,EXC,PASS,EXC,PASS,FAIL,EXC,PASS,FAIL,EXC,PASS,PASS,PASS,EXC,PASS,FAIL,EXC,PASS,FAIL,PASS,PASS,FAIL,PASS,PASS,EXC,PASS,PASS,EXC,EXC,FAIL,EXC,EXC,EXC,EXC,PASS,PASS,EXC,EXC,FAIL,EXC,EXC,EXC, , , , , , , , , ,EXC, , , , , ,PASS,PASS,PASS,PASS,PASS,PASS,PASS,PASS,PASS,PASS,PASS,PASS,PASS,PASS,PASS,PASS,PASS,PASS,PASS,PASS,PASS,PASS,PASS,PASS,PASS,PASS,PASS,PASS,PASS,PASS,PASS,PASS,PASS,PASS,PASS,PASS,106,
24,EXC,EXC,EXC,EXC,EXC,EXC,EXC,EXC,EXC,EXC,EXC,EXC,EXC,EXC,EXC,EXC,EXC,EXC,EXC,EXC,EXC,EXC,EXC,EXC,EXC,EXC,EXC,EXC,EXC,EXC,EXC,EXC,EXC,EXC,EXC,EXC,EXC,EXC,EXC,EXC,EXC,EXC,EXC,EXC,EXC,EXC,EXC,EXC,FAIL,EXC,EXC,EXC,EXC,EXC,EXC,EXC,EXC,FAIL,EXC,EXC,EXC,TIME,EXC,PASS,PASS,PASS,EXC,EXC,EXC,EXC,FAIL,EXC,FAIL,FAIL,EXC,FAIL,EXC,EXC,EXC,FAIL,FAIL,FAIL,FAIL,EXC,EXC,FAIL,FAIL,EXC,PASS,FAIL,FAIL,EXC,EXC,FAIL,FAIL,EXC,EXC,EXC,FAIL,FAIL,EXC,EXC,FAIL,EXC,FAIL,FAIL,EXC,FAIL,FAIL,EXC,FAIL,FAIL,EXC,EXC,FAIL,FAIL,EXC,EXC,FAIL,FAIL,FAIL,FAIL,FAIL,FAIL,EXC,FAIL,FAIL,EXC,EXC,FAIL,EXC,EXC,EXC,EXC,FAIL,FAIL,EXC,EXC,FAIL,EXC,EXC,EXC,PASS,PASS, , ,EXC,PASS,PASS,PASS, ,EXC,PASS,PASS, ,EXC,EXC,EXC,PASS,PASS,PASS,PASS,PASS,PASS,PASS,PASS,PASS,PASS,PASS,PASS,PASS,PASS,PASS,PASS,PASS,PASS,PASS,PASS,PASS,PASS,PASS,PASS,PASS,PASS,PASS,PASS,PASS,PASS,PASS,PASS,PASS,PASS,PASS,143,
25,PASS,PASS,PASS,PASS,PASS,PASS,PASS,PASS,TIME,PASS,PASS,PASS,PASS,PASS,PASS,PASS,PASS,PASS,PASS,PASS,PASS,PASS,PASS,PASS,PASS,PASS,PASS,PASS,PASS,PASS,FAIL,PASS,PASS,PASS,PASS,PASS,PASS,PASS,PASS,PASS,PASS,PASS,PASS,PASS,PASS,PASS,PASS,PASS,PASS,PASS,PASS,PASS,PASS,PASS,FAIL,PASS,PASS,PASS,PASS,PASS,PASS,PASS,PASS,PASS,PASS,PASS,PASS,PASS,PASS,PASS,PASS,PASS,PASS,PASS,PASS,PASS,PASS,PASS,PASS,PASS,PASS,PASS,PASS,PASS,PASS,PASS,PASS,PASS,PASS,PASS,PASS,PASS,PASS,PASS,PASS,PASS,PASS,PASS,PASS,PASS,PASS,PASS,PASS,PASS,PASS,PASS,PASS,PASS,PASS,PASS,PASS,PASS,PASS,PASS,PASS,PASS,PASS,PASS,PASS,PASS,PASS,PASS,PASS,PASS,PASS,PASS,PASS,PASS,PASS,PASS,PASS,FAIL,PASS,PASS,PASS,PASS,PASS,FAIL,PASS,PASS,PASS,PASS, , , , , , , , , ,PASS,PASS, , , , , ,PASS,PASS,PASS,PASS,PASS,PASS,PASS,PASS,PASS,PASS,PASS,PASS,PASS,PASS,PASS,PASS,PASS,PASS,PASS,PASS,PASS,PASS,PASS,PASS,PASS,PASS,PASS,PASS,PASS,PASS,PASS,PASS,PASS,PASS,PASS,5,
26,PASS,PASS,PASS,PASS,PASS,PASS,PASS,PASS,TIME,PASS,PASS,PASS,PASS,PASS,PASS,PASS,PASS,PASS,PASS,PASS,PASS,PASS,PASS,PASS,PASS,PASS,PASS,PASS,PASS,PASS,PASS,PASS,PASS,PASS,PASS,PASS,PASS,PASS,PASS,PASS,PASS,PASS,PASS,PASS,PASS,PASS,PASS,PASS,PASS,PASS,PASS,FAIL,PASS,PASS,PASS,PASS,PASS,PASS,PASS,PASS,PASS,PASS,PASS,PASS,PASS,PASS,PASS,PASS,PASS,PASS,PASS,PASS,PASS,PASS,PASS,PASS,PASS,PASS,PASS,PASS,PASS,PASS,PASS,PASS,PASS,PASS,PASS,PASS,PASS,PASS,PASS,PASS,PASS,PASS,PASS,PASS,PASS,PASS,PASS,PASS,PASS,PASS,PASS,PASS,PASS,PASS,PASS,PASS,PASS,PASS,PASS,PASS,TIME,PASS,PASS,PASS,TIME,PASS,PASS,PASS,PASS,PASS,PASS,PASS,PASS,PASS,PASS,PASS,PASS,PASS,PASS,PASS,PASS,PASS,PASS,PASS,PASS,PASS,PASS,PASS,PASS,PASS, , , , , , , , , ,PASS,PASS, , , , , ,PASS,PASS,PASS,PASS,PASS,PASS,PASS,PASS,PASS,PASS,PASS,PASS,PASS,PASS,PASS,PASS,PASS,PASS,PASS,PASS,PASS,PASS,PASS,PASS,PASS,PASS,PASS,PASS,PASS,PASS,PASS,PASS,PASS,PASS,PASS,4,
27,PASS,PASS,PASS,PASS,PASS,PASS,PASS,PASS,TIME,PASS,PASS,PASS,PASS,PASS,PASS,PASS,PASS,PASS,PASS,PASS,PASS,PASS,PASS,PASS,PASS,PASS,PASS,PASS,PASS,PASS,FAIL,PASS,PASS,PASS,PASS,PASS,PASS,PASS,PASS,PASS,PASS,PASS,PASS,PASS,PASS,PASS,PASS,PASS,PASS,PASS,PASS,PASS,PASS,PASS,FAIL,PASS,PASS,PASS,PASS,PASS,PASS,PASS,PASS,PASS,PASS,PASS,PASS,PASS,PASS,PASS,PASS,PASS,PASS,PASS,PASS,PASS,PASS,PASS,PASS,PASS,PASS,PASS,PASS,PASS,PASS,PASS,PASS,PASS,PASS,PASS,PASS,PASS,PASS,PASS,PASS,PASS,PASS,PASS,PASS,PASS,PASS,PASS,PASS,PASS,PASS,PASS,PASS,PASS,PASS,PASS,PASS,PASS,PASS,PASS,PASS,PASS,PASS,PASS,PASS,PASS,PASS,PASS,PASS,PASS,PASS,PASS,PASS,PASS,PASS,PASS,PASS,FAIL,PASS,PASS,PASS,PASS,PASS,FAIL,PASS,PASS,PASS,PASS, , , , , , , , , ,PASS,PASS, , , , , ,PASS,PASS,PASS,PASS,PASS,PASS,PASS,PASS,PASS,PASS,PASS,PASS,PASS,PASS,PASS,PASS,PASS,PASS,PASS,PASS,PASS,PASS,PASS,PASS,PASS,PASS,PASS,PASS,PASS,PASS,PASS,PASS,PASS,PASS,PASS,5,
28, , , , , , , , , , , , , , , , , , , , , , , , , , , , , , , , , , , , , , , , , , , , , , ,PASS, , , , ,FAIL, , , , , , , , , , , , , , , , , , , , , , , , , , , , , , , , , , , , , , , , , , , , , , , , , , , , , , , , , , , , , , , , , , , , , , , , , , , , , , , , , , , , , , , ,PASS, , , , , , , , , , , ,PASS, , , , , , , , , , , , , , , , , , , , , , , , , , , , , , , , , , , , , , , , , ,1,
29, , , , , , , , , , , , , , , , , , , , , , , , , , , , , , , , , , , , , , , , , , , , , , ,PASS, , , , ,FAIL, , , , , , , , , , , , , , , , , , , , , , , , , , , , , , , , , , , , , , , , , , , , , , , , , , , , , , , , , , , , , , , , , , , , , , , , , , , , , , , , , , , , , , , ,PASS, , , , , , , , , , , ,PASS, , , , , , , , , , , , , , , , , , , , , , , , , , , , , , , , , , , , , , , , , ,1,
3,PASS,PASS,PASS,PASS,PASS,PASS,PASS,PASS,PASS,PASS,PASS,PASS,PASS,PASS,PASS,PASS,PASS,PASS,PASS,PASS,PASS,PASS,PASS,PASS,PASS,PASS,PASS,PASS,PASS,PASS,PASS,PASS,PASS,PASS,PASS,PASS,PASS,PASS,PASS,PASS,PASS,PASS,PASS,PASS,PASS,PASS,PASS,PASS,PASS,PASS,PASS,PASS,PASS,PASS,PASS,PASS,PASS,PASS,PASS,PASS,PASS,TIME,PASS,PASS,EXC,PASS,PASS,PASS,PASS,PASS,PASS,PASS,PASS,PASS,PASS,PASS,PASS,PASS,PASS,PASS,PASS,PASS,PASS,PASS,PASS,PASS,PASS,PASS,PASS,PASS,PASS,PASS,PASS,PASS,PASS,PASS,PASS,PASS,PASS,PASS,PASS,PASS,PASS,PASS,PASS,PASS,PASS,PASS,PASS,PASS,PASS,PASS,PASS,PASS,PASS,PASS,PASS,PASS,PASS,PASS,PASS,PASS,PASS,PASS,PASS,PASS,PASS,PASS,PASS,PASS,PASS,PASS,PASS,PASS,PASS,PASS,PASS,PASS,PASS,PASS,PASS,PASS,PASS,PASS,PASS, ,PASS,PASS,PASS,PASS,PASS,PASS,PASS,PASS,PASS,PASS,PASS,PASS,PASS,PASS,PASS,PASS,PASS,PASS,PASS,PASS,PASS,PASS,PASS,PASS,PASS,PASS,PASS,PASS,PASS,PASS,PASS,PASS,PASS,PASS,PASS,PASS,PASS,PASS,PASS,PASS,PASS,PASS,PASS,PASS,PASS,PASS,PASS,2,
30,PASS,PASS,PASS,PASS,PASS,PASS,PASS,PASS,PASS,PASS,PASS,PASS,PASS,PASS,PASS,PASS,PASS,PASS,PASS,PASS,PASS,PASS,PASS,PASS,PASS,PASS,PASS,PASS,PASS,PASS,FAIL,PASS,PASS,PASS,PASS,PASS,PASS,PASS,PASS,PASS,PASS,PASS,PASS,PASS,PASS,PASS,PASS,PASS,PASS,PASS,PASS,PASS,PASS,PASS,FAIL,PASS,PASS,PASS,PASS,PASS,PASS,PASS,PASS,PASS,PASS,PASS,PASS,PASS,PASS,PASS,PASS,PASS,PASS,PASS,TIME,PASS,PASS,PASS,PASS,PASS,PASS,PASS,PASS,PASS,PASS,FAIL,PASS,PASS,PASS,PASS,PASS,PASS,PASS,PASS,PASS,PASS,PASS,PASS,PASS,PASS,PASS,PASS,PASS,PASS,PASS,PASS,PASS,PASS,PASS,PASS,PASS,PASS,PASS,PASS,PASS,PASS,PASS,PASS,PASS,PASS,PASS,PASS,PASS,PASS,PASS,PASS,PASS,PASS,PASS,PASS,PASS,FAIL,PASS,PASS,PASS,PASS,PASS,FAIL,PASS,PASS,PASS,PASS,PASS,PASS, , ,PASS,PASS,PASS,PASS, , ,PASS,PASS, ,PASS,PASS,PASS,PASS,PASS,PASS,PASS,PASS,PASS,PASS,PASS,PASS,PASS,PASS,PASS,PASS,PASS,PASS,PASS,PASS,PASS,PASS,PASS,PASS,PASS,PASS,PASS,PASS,PASS,PASS,PASS,PASS,PASS,PASS,PASS,PASS,PASS,PASS,6,
31,EXC,EXC,EXC,EXC,EXC,EXC,EXC,EXC,EXC,EXC,EXC,EXC,EXC,EXC,EXC,EXC,EXC,EXC,EXC,EXC,EXC,EXC,EXC,EXC,EXC,EXC,EXC,EXC,EXC,EXC,EXC,EXC,EXC,EXC,EXC,EXC,EXC,EXC,EXC,EXC,EXC,EXC,EXC,EXC,EXC,EXC,EXC,EXC,FAIL,EXC,EXC,EXC,EXC,EXC,EXC,EXC,EXC,FAIL,EXC,EXC,EXC,TIME,EXC,EXC,EXC,PASS,EXC,EXC,EXC,EXC,FAIL,EXC,FAIL,FAIL,EXC,FAIL,EXC,EXC,EXC,FAIL,FAIL,FAIL,FAIL,EXC,EXC,FAIL,FAIL,EXC,PASS,FAIL,FAIL,EXC,EXC,FAIL,FAIL,EXC,EXC,EXC,FAIL,FAIL,EXC,EXC,FAIL,EXC,FAIL,FAIL,EXC,FAIL,FAIL,EXC,FAIL,FAIL,EXC,EXC,FAIL,FAIL,EXC,EXC,FAIL,FAIL,FAIL,FAIL,FAIL,FAIL,EXC,FAIL,FAIL,EXC,EXC,FAIL,EXC,EXC,EXC,EXC,FAIL,FAIL,EXC,EXC,FAIL,EXC,EXC,EXC, , , , , , , , , , , , , , , ,EXC,PASS,PASS,PASS,PASS,PASS,PASS,PASS,PASS,PASS,PASS,PASS,PASS,PASS,PASS,PASS,PASS,PASS,PASS,PASS,PASS,PASS,PASS,PASS,PASS,PASS,PASS,PASS,PASS,PASS,PASS,PASS,PASS,PASS,PASS,PASS,141,
32, ,FAIL,PASS,PASS,PASS,FAIL,FAIL,PASS,FAIL,PASS,FAIL,PASS,PASS,FAIL,PASS,PASS,PASS,PASS,FAIL,FAIL,FAIL,FAIL,PASS,PASS,PASS,PASS,FAIL,FAIL,PASS,PASS,FAIL,FAIL,PASS,PASS,PASS,PASS,PASS,FAIL,FAIL,PASS, ,PASS,FAIL,PASS,FAIL,PASS,PASS, , ,FAIL,FAIL,PASS,FAIL,PASS,PASS,PASS,FAIL, ,PASS,PASS, , ,FAIL, , , ,FAIL,PASS,FAIL,FAIL,PASS,PASS,PASS,PASS,PASS,PASS,PASS,PASS,FAIL, ,PASS, , ,FAIL, ,PASS, , , , , , , , , ,PASS,FAIL, , , ,PASS,PASS, ,FAIL, , ,PASS, ,PASS,PASS, , , ,PASS, ,PASS,PASS, ,PASS, , ,PASS, , ,FAIL, , ,PASS,FAIL,PASS,PASS,FAIL,PASS,PASS, , ,PASS,FAIL,PASS,FAIL,FAIL,FAIL, , , , , , , , , , , , , ,FAIL, , , , , , , , , , , , , ,PASS, , , , , , , , ,PASS, , , , , , , , , , , , , , ,38,
33, ,EXC,EXC,EXC,EXC,EXC,EXC,EXC,EXC,EXC,EXC,EXC,EXC,EXC,EXC,EXC,EXC,EXC,EXC,EXC,EXC,EXC,EXC,EXC,EXC,EXC,EXC,EXC,EXC,EXC,EXC,EXC,EXC,EXC,EXC,EXC,EXC,EXC,EXC,EXC, ,EXC,EXC,EXC,EXC,EXC,EXC, , ,EXC,EXC,EXC,EXC,EXC,EXC,EXC,EXC, ,EXC,EXC, , ,EXC, , , ,EXC,EXC,EXC,EXC,FAIL,EXC,FAIL,FAIL,EXC,FAIL,EXC,EXC,EXC, ,FAIL, , ,EXC, ,FAIL, , , , , , , , , ,EXC,EXC, , , ,EXC,EXC, ,EXC, , ,EXC, ,FAIL,EXC, , , ,EXC, ,FAIL,EXC, ,FAIL, , ,FAIL, , ,EXC, , ,EXC,EXC,FAIL,EXC,EXC,EXC,EXC, , ,EXC,EXC,FAIL,EXC,EXC,EXC, , , , , , , , , , , , , , , , , , , , , , , , , , , ,PASS, , , , , , , , ,PASS, , , , , , , , , , , , , , ,99,
34, , , , ,PASS, , , , , , , ,PASS, , ,PASS, ,PASS, , , , , , , ,PASS, , ,PASS, , , , , , , , , ,PASS, , , , , , , , , , ,PASS, , ,PASS, , , , , , , , , , , , , , , , , , , , , , , , ,PASS,PASS, , , , , , , , , , , , , , , , ,PASS, , , , , , , ,PASS, , , , , , , , , , , , , , , , , , , , , , , , , , , , , , , , , , , , , , ,FAIL, , , , , , ,FAIL, , , ,FAIL, , , , , , , , , , , , , , , , , , , , , , , , , , , , , , , , , , , , , , , ,3,
35, , , , ,PASS, , , , , , , ,PASS, , ,PASS, ,PASS, , , , , , , ,PASS, , ,PASS, , , , , , , , , ,PASS, , , , , , , , , , ,PASS, , ,PASS, , , , , , , , , , , , , , , , , , , , , , , , ,PASS,PASS, , , , , , , , , , , , , , , , ,PASS, , , , , , , ,PASS, , , , , , , , , , , , , , , , , , , , , , , , , , , , , , , , , , , , , , , , , , , , , , , , , , , , , , , , , , , , , , , , , , , , , , , , , , , , , , , , , , , , , , , , , ,0,
36, , , , , , , , , , , , , , , , , , , , , , , , , , , , , , , , , , , ,PASS, , , , , , , , , , , , , , ,EXC, , ,PASS, , , , , ,PASS, , , , , , , , , ,PASS, ,PASS, , , , , , ,PASS, , , , , , , , , , , , , , , , ,PASS, , , , , , , , , , , , , , , , , , , , , , , , , , , , , , , ,EXC, , , , , , , , , , , , , , , , , , ,PASS, , , , , , , , , , , , , , , , , , , , , , , , , , , , , , , , , , , , , , , , , , , , , , ,2,
37, , , , , , , , , , , , , , , , , , , , , , , , , , , , , , , , , , , ,PASS, , , , , , , , , , , , , , ,PASS, , ,PASS, , , , , ,PASS, , , , , , , , , ,PASS, ,PASS, , , , , , ,PASS, , , , , , , , , , , , , , , , ,PASS, , , , , , , , , , , , , , , , , , , , , , , , , , , , , , , ,PASS, , , , , , , , , , , , , , , , , , ,EXC, , , , , , , , , , , , , , , , , , , , , , , , , , , , , , , , , , , , , , , , , , , , , , ,1,
38, , , , , , , , , , , , , , , , , , , , , , , , , , , , , , , , , , , ,PASS, , , , , , , , , , , , , , , , , ,PASS, , , , , ,PASS, , , , , , , , , ,PASS, ,PASS, , , , , , ,PASS, , , , , , , , , , , , , , , , ,PASS, , , , , , , , , , , , , , , , , , , , , , , , , , , , , , , , , , , , , , , , , , , , , , , , , , ,FAIL, , , , , , , , , , , , , , , , , , , , , , , , , , , , , , , , , , , , , , , , , , , , , , ,1,
39, , , , , , , , , , , , , , , , , , , , , , , , , , , , , , , , , , , , , , , , , , , , , , , , , , ,EXC, , , , , , , , , , , , , , , , , , , , , , , , , , , , , , , , , , , , , , , , , , , , , , , , , , , , , , , , , , , , , , , , , , , , , , , , , , , , ,EXC, , , , , , , , , , , , , , , , , , , , , , , , , , , , , , , , , , , , , , , , , , , , , , , , , , , , , , , , , , , , , , , , , ,2,
4,EXC,EXC,EXC,EXC,EXC,EXC,EXC,EXC,EXC,EXC,EXC,EXC,EXC,EXC,EXC,EXC,EXC,EXC,EXC,EXC,EXC,EXC,EXC,EXC,EXC,EXC,EXC,EXC,EXC,EXC,EXC,EXC,EXC,EXC,EXC,EXC,EXC,EXC,EXC,EXC,EXC,EXC,EXC,EXC,EXC,EXC,EXC,EXC,FAIL,EXC,EXC,EXC,EXC,EXC,EXC,EXC,EXC,FAIL,EXC,EXC,EXC,FAIL,EXC,TIME,PASS,PASS,EXC,EXC,EXC,EXC,FAIL,EXC,FAIL,FAIL,EXC,FAIL,EXC,EXC,EXC,FAIL,FAIL,FAIL,FAIL,EXC,EXC,FAIL,FAIL,EXC,PASS,FAIL,FAIL,EXC,EXC,FAIL,FAIL,EXC,EXC,EXC,FAIL,FAIL,EXC,EXC,FAIL,EXC,FAIL,FAIL,EXC,FAIL,FAIL,EXC,FAIL,FAIL,EXC,EXC,FAIL,FAIL,EXC,EXC,FAIL,FAIL,FAIL,FAIL,FAIL,FAIL,EXC,FAIL,FAIL,EXC,EXC,FAIL,EXC,EXC,EXC,EXC,FAIL,FAIL,EXC,EXC,FAIL,EXC,EXC,EXC,FAIL,FAIL,EXC,PASS,EXC,FAIL,FAIL,FAIL,PASS,EXC,FAIL,FAIL, ,EXC,EXC,EXC,PASS,PASS,PASS,PASS,PASS,PASS,PASS,PASS,PASS,PASS,PASS,PASS,PASS,PASS,PASS,PASS,PASS,PASS,PASS,PASS,PASS,PASS,PASS,PASS,PASS,PASS,PASS,PASS,PASS,PASS,PASS,PASS,PASS,PASS,PASS,152,
40, , , , , , , , , , , , , , , , , , , , , , , , , , , , , , , , , , , , , , , , , , , , , , , , , , ,EXC, , , , , , , , , , , , , , , , , , , , , , , , , , , , , , , , , , , , , , , , , , , , , , , , , , , , , , , , , , , , , , , , , , , , , , , , , , , , ,EXC, , , , , , , , , , , , , , , , , , , , , , , , , , , , , , , , , , , , , , , , , , , , , , , , , , , , , , , , , , , , , , , , , ,2,
41, , , , , , , , , , , , , , , , , , , , , , , , , , , , , , , , , , , , , , , , , , , , , , , , , , ,PASS, , , , , , , , , , , , , , , , , , , , , , , , , , , , , , , , , , , , , , , , , , , , , , , , , , , , , , , , , , , , , , , , , , , , , , , , , , , , ,PASS, , , , , , , , , , , , , , , , , , , , , , , , , , , , , , , , , , , , , , , , , , , , , , , , , , , , , , , , , , , , , , , , , ,0,
42, , , , , , , , , , , , , , , , , , , , , , , , , , , , , , , , , , , , , , , , , , , , , , , , , , ,EXC, , , , , , , , , , , , , , , , , , , , , , , , , , , , , , , , , , , , , , , , , , , , , , , , , , , , , , , , , , , , , , , , , , , , , , , , , , , , ,EXC, , , , , , , , , , , , , , , , , , , , , , , , , , , , , , , , , , , , , , , , , , , , , , , , , , , , , , , , , , , , , , , , , ,2,
43, , , , , , , , , , , , , , , , , , , , , , , , , , , , , , , , , , , , , , , , , , , , , , , , , , , , , , , , , , , , , , , , , , , , , , , , , , , , , , , , , , , , , , , , , , , , , , , , , , , , , , , , , , , , , , , , , , , , , , , , , , , , , , , , , , , , , , , , , , , , , , , , , , , , , , , , , , , , , , , , , , , , , , , , , , , , , , , , , , , , , , , , , , , , , , , , , ,0,
44, , , , , , , , , , , , , , , , , , , , , , , , , , , , , , , , , , , , , , , , , , , , , , , , , , ,PASS, , , , , , , , , , , , , , , , , , , , , , , , , , , , , , , , , , , , , , , , , , , , , , , , , , , , , , , , , , , , , , , , , , , , , , , , , , , , ,PASS, , , , , , , , , , , , , , , , , , , , , , , , , , , , , , , , , , , , , , , , , , , , , , , , , , , , , , , , , , , , , , , , , ,0,
45, , , , , , , , , , , , , , , , , , , , , , , , , , , , , , , , , , , , , , , , , , , , , , , , , , ,PASS, , , , , , , , , , , , , , , , , , , , , , , , , , , , , , , , , , , , , , , , , , , , , , , , , , , , , , , , , , , , , , , , , , , , , , , , , , , , ,PASS, , , , , , , , , , , , , , , , , , , , , , , , , , , , , , , , , , , , , , , , , , , , , , , , , , , , , , , , , , , , , , , , , ,0,
46, , , , , , , , , , , , , , , , , , , , , , , , , , , , , , , , , , , , , , , , , , , , , , , , , , ,PASS, , , , , , , , , , , , , , , , , , , , , , , , , , , , , , , , , , , , , , , , , , , , , , , , , , , , , , , , , , , , , , , , , , , , , , , , , , , , ,PASS, , , , , , , , , , , , , , , , , , , , , , , , , , , , , , , , , , , , , , , , , , , , , , , , , , , , , , , , , , , , , , , , , ,0,
47, , , , , , , , , , , , , , , , , , , , , , , , , , , , , , , , , , , , , , , , , , , , , , , , , , ,PASS, , , , , , , , , , , , , , , , , , , , , , , , , , , , , , , , , , , , , , , , , , , , , , , , , , , , , , , , , , , , , , , , , , , , , , , , , , , , ,PASS, , , , , , , , , , , , , , , , , , , , , , , , , , , , , , , , , , , , , , , , , , , , , , , , , , , , , , , , , , , , , , , , , ,0,
48, , , , , , , , , , , , , , , , , , , , , , , , , , , , , , , , , , , , , , , , , , , , , , , , , , ,PASS, , , , , , , , , , , , , , , , , , , , , , , , , , , , , , , , , , , , , , , , , , , , , , , , , , , , , , , , , , , , , , , , , , , , , , , , , , , , ,PASS, , , , , , , , , , , , , , , , , , , , , , , , , , , , , , , , , , , , , , , , , , , , , , , , , , , , , , , , , , , , , , , , , ,0,
49, , , , , , , , , , , , , , , , , , , , , , , , , , , , , , , , , , , , , , , , , , , , , , , , , , ,PASS, , , , , , , , , , , , , , , , , , , , , , , , , , , , , , , , , , , , , , , , , , , , , , , , , , , , , , , , , , , , , , , , , , , , , , , , , , , , ,PASS, , , , , , , , , , , , , , , , , , , , , , , , , , , , , , , , , , , , , , , , , , , , , , , , , , , , , , , , , , , , , , , , , ,0,
5,EXC,EXC,EXC,EXC,EXC,EXC,EXC,EXC,EXC,EXC,EXC,EXC,EXC,EXC,EXC,EXC,EXC,EXC,EXC,EXC,EXC,EXC,EXC,EXC,EXC,EXC,EXC,EXC,EXC,EXC,EXC,EXC,EXC,EXC,EXC,EXC,EXC,EXC,EXC,EXC,EXC,EXC,TIME,EXC,EXC,EXC,EXC,EXC,FAIL,EXC,EXC,EXC,EXC,EXC,EXC,EXC,EXC,FAIL,EXC,EXC,EXC,TIME,EXC,TIME,PASS,PASS,EXC,EXC,EXC,EXC,FAIL,EXC,FAIL,FAIL,EXC,FAIL,EXC,EXC,EXC,FAIL,FAIL,FAIL,FAIL,EXC,EXC,FAIL,FAIL,EXC,PASS,FAIL,FAIL,EXC,EXC,FAIL,FAIL,EXC,EXC,EXC,FAIL,FAIL,EXC,EXC,FAIL,EXC,FAIL,FAIL,EXC,FAIL,FAIL,EXC,FAIL,FAIL,EXC,EXC,FAIL,FAIL,EXC,EXC,FAIL,FAIL,FAIL,FAIL,FAIL,FAIL,EXC,FAIL,FAIL,EXC,EXC,FAIL,EXC,EXC,EXC,EXC,FAIL,FAIL,EXC,EXC,FAIL,EXC,EXC,EXC,PASS,PASS, , ,PASS,PASS,PASS,PASS, ,EXC,PASS,PASS, ,PASS,PASS,EXC,PASS,PASS,PASS,PASS,PASS,PASS,PASS,PASS,PASS,PASS,PASS,PASS,PASS,PASS,PASS,PASS,PASS,PASS,PASS,PASS,PASS,PASS,PASS,PASS,PASS,PASS,PASS,PASS,PASS,PASS,PASS,PASS,PASS,PASS,PASS,141,
50, , , , , , , , , , , , , , , , , , , , , , , , , , , , , , , , , , , , , , , , , , , , , , , , , , ,PASS, , , , , , , , , , , , , , , , , , , , , , , , , , , , , , , , , , , , , , , , , , , , , , , , , , , , , , , , , , , , , , , , , , , , , , , , , , , , ,PASS, , , , , , , , , , , , , , , , , , , , , , , , , , , , , , , , , , , , , , , , , , , , , , , , , , , , , , , , , , , , , , , , , ,0,
51, , , , , , , , , , , , , , , , , , , , , , , , , , , , , , , , , , , , , , , , , , , , , , , , , , ,PASS, , , , , , , , , , , , , , , , , , , , , , , , , , , , , , , , , , , , , , , , , , , , , , , , , , , , , , , , , , , , , , , , , , , , , , , , , , , , ,PASS, , , , , , , , , , , , , , , , , , , , , , , , , , , , , , , , , , , , , , , , , , , , , , , , , , , , , , , , , , , , , , , , , ,0,
52, , , , , , , , , , , , , , , , , , , , , , , , , , , , , , , , , , , , , , , , , , , , , , , , , , ,PASS, , , , , , , , , , , , , , , , , , , , , , , , , , , , , , , , , , , , , , , , , , , , , , , , , , , , , , , , , , , , , , , , , , , , , , , , , , , , ,PASS, , , , , , , , , , , , , , , , , , , , , , , , , , , , , , , , , , , , , , , , , , , , , , , , , , , , , , , , , , , , , , , , , ,0,
53, , , , , , , , , , , , , , , , , , , , , , , , , , , , , , , , , , , ,PASS, , , , , , , , , , , , , , ,FAIL, , ,PASS, , , , , ,PASS, , , , , , , , , ,PASS, ,PASS, , , , , , ,PASS, , , , , , , , , , , , , , , , ,PASS, , , , , , , , , , , , , , , , , , , , , , , , , , , , , , , ,PASS, , , , , , , , , , , , , , , , , , , , , , , , , , , , , , , , , , , , , , , , , , , , , , , , , , , , , , , , , , , , , , , , , ,1,
54, , , ,PASS, , , , , , , , , , , , , , , , , , , , , , , , , , ,PASS, , , , , , , , , , , , , , , , , , , , , , , , , , , , , , , , , , , ,PASS, , , , , , , , ,PASS,PASS,PASS, , , , , , , , , , , , , , , , , , ,FAIL, , , , , , , , , , , , , , , , , , , , , , , , , , , , , , , , , ,PASS, , , , , , , , , , , , ,PASS, , , ,PASS, , , , , , , , , , , , , , , , , , , , , , , , , , , , , , , , , , , , , , , , , , , , , ,1,
55, , , ,PASS, , , , , , , , , , , , , , , , , , , , , , , , , , ,PASS, , , , , , , , , , , , , , , , , , , , , , , , , , , , , , , , , , , ,PASS, , , , , , , , ,PASS,PASS,PASS, , , , , , , , , , , , , , , , , , ,PASS, , , , , , , , , , , , , , , , , , , , , , , , , , , , , , , , , ,PASS, , , , , , , , , , , , ,PASS, , , ,PASS, , , , , , , , , , , , , , , , , , , , , , , , , , , , , , , , , , , , , , , , , , , , , ,0,
56, , , ,PASS, , , , , , , , , , , , , , , , , , , , , , , , , , ,PASS, , , , , , , , , , , , , , , , , , , , , , , , , , , , , , , , , , , ,FAIL, , , , , , , , ,PASS,PASS,PASS, , , , , , , , , , , , , , , , , , ,PASS, , , , , , , , , , , , , , , , , , , , , , , , , , , , , , , , , ,PASS, , , , , , , , , , , , , , , , , , , , , , , , , , , , , , , , , , , , , , , , , , , , , , , , , , , , , , , , , , , , , , ,1,
57, , , ,PASS, , , , , , , , , , , , , , , , , , , , , , , , , , ,PASS, , , , , , , , , , , , , , , , , , , , , , , , , , , , , , , , , , , ,PASS, , , , , , , , ,PASS,PASS,PASS, , , , , , , , , , , , , , , , , , ,PASS, , , , , , , , , , , , , , , , , , , , , , , , , , , , , , , , , ,PASS, , , , , , , , , , , , , , , , , , , , , , , , , , , , , , , , , , , , , , , , , , , , , , , , , , , , , , , , , , , , , , ,0,
58, , , , , , , , , , , , , , , , , , , , , ,PASS, , , , , , , , , , , , , , , , , , , , , , , , , , , , , , , , , , , , , , , , , , , , , , , , , , , , , , , , , , , , , , , , , , , , , , , , , , , , , , , , , , , , , , , , , , , , , , , , , , , , , , , , , , , , , , , , , , , , , , , , , , , , , , ,PASS, , , , , , , , , , , , , , , , , , , , , , , , , , , , , , , , , , , , , , , , , , , , ,0,
59, , , , , , , , , , , , , , , , , , , , , ,PASS, , , , , , , , , , , , , , , , , , , , , , , , , , , , , , , , , , , , , , , , , , , , , , , , , , , , , , , , , , , , , , , , , , , , , , , , , , , , , , , , , , , , , , , , , , , , , , , , , , , , , , , , , , , , , , , , , , , , , , , , , , , , , , ,PASS, , , , , , , , , , , , , , , , , , , , , , , , , , , , , , , , , , , , , , , , , , , , ,0,
6,PASS,PASS,PASS,PASS,PASS,PASS,PASS,PASS,PASS,PASS,PASS,PASS,PASS,PASS,PASS,PASS,PASS,PASS,PASS,PASS,PASS,PASS,PASS,PASS,PASS,PASS,TIME,PASS,PASS,PASS,PASS,PASS,PASS,PASS,PASS,PASS,PASS,PASS,PASS,PASS,PASS,PASS,PASS,PASS,PASS,PASS,PASS,PASS,PASS,PASS,PASS,PASS,PASS,PASS,PASS,PASS,PASS,PASS,PASS,PASS,PASS,PASS,PASS,PASS,PASS,PASS,PASS,PASS,PASS,PASS,PASS,EXC,PASS,PASS,PASS,PASS,PASS,PASS,FAIL,PASS,PASS,PASS,PASS,PASS,PASS,PASS,PASS,PASS,PASS,PASS,PASS,PASS,PASS,PASS,PASS,PASS,PASS,PASS,PASS,PASS,PASS,PASS,PASS,PASS,PASS,PASS,PASS,PASS,PASS,PASS,PASS,PASS,PASS,PASS,PASS,PASS,PASS,PASS,PASS,PASS,PASS,PASS,PASS,PASS,PASS,PASS,PASS,PASS,PASS,PASS,PASS,PASS,PASS,PASS,PASS,PASS,PASS,PASS,PASS,PASS,PASS,PASS, , ,FAIL,EXC, , , , , ,EXC, , , , , ,PASS,PASS,PASS,PASS,PASS,PASS,PASS,PASS,PASS,PASS,PASS,PASS,PASS,PASS,PASS,PASS,PASS,PASS,PASS,PASS,PASS,PASS,PASS,PASS,PASS,PASS,PASS,PASS,PASS,PASS,PASS,PASS,PASS,PASS,PASS,PASS,6,
60, , , , , , , , , , , , , , , , , , , , , ,PASS, , , , , , , , , , , , , , , , , , , , , , , , , , , , , , , , , , , , , , , , , , , , , , , , , , , , , , , , , , , , , , , , , , , , , , , , , , , , , , , , , , , , , , , , , , , , , , , , , , , , , , , , , , , , , , , , , , , , , , , , , , , , , , , , , , , , , , , , , , , , , , , , , , , , , , , , , , , , , , , , , , , , , , , , , , , ,0,
61, , , , , , , , , , , , , , , , , , , , , ,PASS, , , , , , , , , , , , , , , , , , , , , , , , , , , , , , , , , , , , , , , , , , , , , , , , , , , , , , , , , , , , , , , , , , , , , , , , , , , , , , , , , , , , , , , , , , , , , , , , , , , , , , , , , , , , , , , , , , , , , , , , , , , , , , , , , , , , , , , , , , , , , , , , , , , , , , , , , , , , , , , , , , , , , , , , , , , ,0,
62, , , , , , , , , , , , , , , , , , , , , ,PASS, , , , , , , , , , , , , , , , , , , , , , , , , , , , , , , , , , , , , , , , , , , , , , , , , , , , , , , , , , , , , , , , , , , , , , , , , , , , , , , , , , , , , , , , , , , , , , , , , , , , , , , , , , , , , , , , , , , , , , , , , , , , , , , , , , , , , , , , , , , , , , , , , , , , , , , , , , , , , , , , , , , , , , , , , , , ,0,
63, , , , , , , , , , , , , , , , , , , , , ,EXC, , , , , , , , , , , , , , , , , , , , , , , , , , , , , , , , , , , , , , , , , , , , , , , , , , , , , , , , , , , , , , , , , , , , , , , , , , , , , , , , , , , , , , , , , , , , , , , , , , , , , , , , , , , , , , , , , , , , , , , , , , , , , , , , , , , , , , , , , , , , , , , , , , , , , , , , , , , , , , , , , , , , , , , , , , , ,1,
64,EXC,EXC,EXC,EXC,EXC,EXC,EXC,EXC,EXC,EXC,EXC,EXC,EXC,EXC,EXC,EXC,EXC,EXC,EXC,EXC,EXC,EXC,EXC,EXC,EXC,EXC,EXC,EXC,EXC,EXC,EXC,EXC,EXC,EXC,EXC,EXC,EXC,EXC,EXC,EXC,EXC,EXC,EXC,EXC,EXC,EXC,EXC,EXC, ,EXC,EXC,EXC,EXC,EXC,EXC,EXC,EXC, ,EXC,EXC, , ,EXC, , , ,EXC,EXC,EXC,EXC, ,EXC, , ,EXC,FAIL,EXC,EXC,EXC, , , , ,EXC, , , , , , , , , , , ,EXC,EXC, , , ,EXC,EXC, , , , ,EXC, , ,EXC, , , , , ,FAIL,EXC, , , , , , , ,EXC, , ,EXC,EXC, ,EXC,EXC, ,EXC, , , ,EXC, ,EXC,EXC,EXC, , , , , , , , , , , , , , , , , , , , , , , , , , , , , , , , , , , , , , , , , , , , , , , , , , , ,88,
65,PASS,PASS,PASS,PASS,PASS,PASS,PASS,PASS,PASS,PASS,PASS,PASS,PASS,PASS,PASS,PASS,PASS,PASS,PASS,PASS,PASS,PASS,PASS,PASS,PASS,PASS,PASS,PASS,PASS,PASS,PASS,PASS,PASS,PASS,PASS,PASS,PASS,PASS,PASS,PASS,PASS,PASS,PASS,PASS,PASS,PASS,PASS,PASS, ,PASS,PASS,PASS,PASS,PASS,PASS,PASS,PASS, ,PASS,PASS, , ,PASS, , , ,PASS,PASS,PASS,PASS, ,PASS, , ,PASS,PASS,PASS,PASS,PASS, , , , ,PASS, , , , , , , , , , , ,PASS,PASS, , , ,PASS,PASS, , , , ,PASS, , ,PASS, , , , , ,PASS,PASS, , , , , , , ,PASS, , ,PASS,PASS, ,PASS,PASS, ,PASS, , , ,PASS, ,PASS,PASS,PASS, , , , , , , , , , , , , , , , , , , , , , , , , , , , , , , , , , , , , , , , , , , , , , , , , , , ,0,
66,PASS,PASS,PASS,PASS,PASS,PASS,PASS,PASS,PASS,PASS,PASS,PASS,PASS,PASS,PASS,PASS,PASS,PASS,PASS,PASS,PASS,PASS,PASS,PASS,PASS,PASS,PASS,PASS,PASS,PASS,PASS,PASS,PASS,PASS,PASS,PASS,PASS,PASS,PASS,PASS,PASS,PASS,PASS,PASS,PASS,PASS,PASS,PASS, ,PASS,PASS,PASS,PASS,PASS,PASS,PASS,PASS, ,PASS,PASS, , ,PASS, , , ,PASS,PASS,PASS,PASS, ,PASS, , ,PASS,PASS,PASS,PASS,PASS, , , , ,PASS, , , , , , , , , , , ,PASS,PASS, , , ,PASS,PASS, , , , ,PASS, , ,PASS, , , , , ,PASS,PASS, , , , , , , ,PASS, , ,PASS,PASS, ,PASS,PASS, ,PASS, , , ,PASS, ,PASS,PASS,PASS, , , , , , , , , , , , , , , , , , , , , , , , , , , , , , , , , , , , , , , , , , , , , , , , , , , ,0,
67,PASS,PASS,PASS,PASS,PASS,PASS,PASS,PASS,FAIL,PASS,PASS,PASS,PASS,PASS,PASS,PASS,PASS,PASS,PASS,FAIL,PASS,PASS,PASS,PASS,PASS,PASS,PASS,PASS,PASS,PASS,PASS,PASS,PASS,PASS,PASS,PASS,PASS,PASS,PASS,PASS,PASS,PASS,FAIL,PASS,PASS,PASS,PASS,PASS, ,PASS,PASS,PASS,PASS,PASS,PASS,PASS,PASS, ,PASS,PASS, , ,PASS, , , ,PASS,PASS,PASS,FAIL, ,PASS, , ,PASS,PASS,PASS,PASS,PASS, , , , ,PASS, , , , , , , , , , , ,PASS,PASS, , , ,PASS,PASS, , , , ,PASS, , ,PASS, , , , , ,PASS,PASS, , , , , , , ,FAIL, , ,PASS,FAIL, ,PASS,PASS, ,PASS, , , ,PASS, ,FAIL,PASS,PASS, , , , , , , , , , , , , , , , , , , , , , , , , , , , , , , , , , , , , , , , , , , , , , , , , , , ,7,
68,PASS,PASS,EXC,EXC,PASS,PASS,EXC,EXC,EXC,EXC,EXC,EXC,EXC,EXC,EXC,EXC,PASS,EXC,EXC,EXC,PASS,PASS,PASS,EXC,EXC,PASS,EXC,EXC,PASS,EXC,EXC,PASS,PASS,PASS,PASS,PASS,PASS,EXC,EXC,PASS,PASS,PASS,EXC,PASS,EXC,PASS,PASS,PASS, ,EXC,PASS,PASS,EXC,EXC,PASS,PASS,EXC, ,PASS,PASS, , ,PASS, , , ,EXC,PASS,EXC,EXC, ,EXC, , ,PASS,FAIL,PASS,EXC,PASS, , , , ,EXC, , , , , , , , , , , ,EXC,EXC, , , ,PASS,EXC, , , , ,EXC, , ,EXC, , , , , ,PASS,EXC, , , , , , , ,EXC, , ,EXC,EXC, ,EXC,PASS, ,PASS, , , ,EXC, ,PASS,EXC,EXC, , , , , , , , , , , , , , , , , , , , , , , , , , , , , , , , , , , , , , , , , , , , , , , , , , , ,49,
69,PASS,PASS,PASS, ,PASS,PASS,PASS, ,FAIL, ,PASS,PASS, , , , ,PASS, ,PASS,FAIL,PASS,PASS,PASS, ,PASS,PASS,PASS, ,PASS,PASS,PASS,PASS,PASS,PASS,PASS,PASS,PASS,PASS, ,PASS,PASS,PASS,FAIL,PASS,PASS,PASS,PASS,PASS, , ,PASS,PASS,PASS,PASS,PASS,PASS,PASS, ,PASS,PASS, , ,PASS, , , ,PASS,PASS, ,FAIL, , , , ,PASS, ,PASS, ,PASS, , , , ,PASS, , , , , , , , , , , , ,PASS, , , ,PASS,PASS, , , , ,PASS, , ,PASS, , , , , ,PASS,PASS, , , , , , , ,FAIL, , ,PASS,FAIL, , ,PASS, ,PASS, , , ,PASS, ,FAIL,PASS,PASS, , , , , , , , , , , , , , , , , , , , , , , , , , , , , , , , , , , , , , , , , , , , , , , , , , , ,7,
7,PASS,PASS,PASS,PASS,PASS,PASS,PASS,PASS,PASS,PASS,PASS,PASS,PASS,PASS,PASS,PASS,PASS,PASS,PASS,PASS,PASS,PASS,PASS,PASS,PASS,PASS,PASS,PASS,PASS,PASS,PASS,PASS,PASS,PASS,PASS,PASS,PASS,PASS,PASS,PASS,PASS,PASS,PASS,PASS,PASS,PASS,PASS,PASS,PASS,PASS,PASS,PASS,PASS,PASS,PASS,PASS,PASS,PASS,PASS,PASS,PASS,FAIL,PASS,PASS,PASS,PASS,PASS,PASS,PASS,PASS,PASS,PASS,PASS,PASS,PASS,PASS,PASS,PASS,PASS,PASS,PASS,PASS,PASS,PASS,PASS,PASS,PASS,PASS,PASS,PASS,PASS,PASS,PASS,PASS,PASS,PASS,PASS,PASS,PASS,PASS,PASS,PASS,PASS,PASS,PASS,PASS,PASS,PASS,PASS,PASS,PASS,PASS,PASS,PASS,PASS,PASS,PASS,PASS,PASS,PASS,PASS,PASS,PASS,PASS,PASS,PASS,PASS,PASS,PASS,PASS,PASS,PASS,PASS,PASS,PASS,PASS,PASS,PASS,PASS,PASS,PASS,PASS, , ,PASS,EXC, , , , , ,PASS, , , , , ,PASS,PASS,PASS,PASS,PASS,PASS,PASS,PASS,PASS,PASS,PASS,PASS,PASS,PASS,PASS,PASS,PASS,PASS,PASS,PASS,PASS,PASS,PASS,PASS,PASS,PASS,PASS,PASS,PASS,PASS,PASS,PASS,PASS,PASS,PASS,PASS,2,
70,PASS,PASS,PASS, ,PASS,PASS,PASS, ,PASS, ,PASS,PASS, , , , ,PASS, ,PASS,PASS,PASS,PASS,PASS, ,PASS,PASS,PASS, ,PASS,PASS,PASS,PASS,PASS,PASS,PASS,PASS,PASS,PASS, ,PASS,PASS,PASS,PASS,PASS,PASS,PASS,PASS,PASS, , ,PASS,PASS,PASS,PASS,PASS,PASS,PASS, ,PASS,PASS, , ,PASS, , , ,PASS,PASS, ,PASS, , , , ,PASS, ,PASS, ,PASS, , , , ,PASS, , , , , , , , , , , , ,PASS, , , ,PASS,PASS, , , , ,PASS, , ,PASS, , , , , ,PASS,PASS, , , , , , , ,PASS, , ,PASS,PASS, , ,PASS, ,PASS, , , ,PASS, ,PASS,PASS,PASS, , , , , , , , , , , , , , , , , , , , , , , , , , , , , , , , , , , , , , , , , , , , , , , , , , , ,0,
71,PASS,PASS,PASS, ,PASS,PASS,PASS, ,PASS, ,PASS,PASS, , , , ,PASS, ,PASS,PASS,PASS,PASS,PASS, ,PASS,PASS,PASS, ,PASS,PASS,PASS,PASS,PASS,PASS,PASS,PASS,PASS,PASS, ,PASS,PASS,PASS,PASS,PASS,PASS,PASS,PASS,PASS, , ,PASS,PASS,PASS,PASS,PASS,PASS,PASS, ,PASS,PASS, , ,PASS, , , ,PASS,PASS, ,PASS, , , , ,PASS, ,PASS, ,PASS, , , , ,PASS, , , , , , , , , , , , ,PASS, , , ,PASS,PASS, , , , ,PASS, , ,PASS, , , , , ,PASS,PASS, , , , , , , ,PASS, , ,PASS,PASS, , ,PASS, ,PASS, , , ,PASS, ,PASS,PASS,PASS, , , , , , , , , , , , , , , , , , , , , , , , , , , , , , , , , , , , , , , , , , , , , , , , , , , ,0,
72,PASS,PASS,PASS, ,PASS,PASS,PASS, ,PASS, ,PASS,PASS, , , , ,PASS, ,PASS,PASS,PASS,PASS,PASS, ,TIME,PASS,PASS, ,PASS,PASS,PASS,PASS,PASS,PASS,PASS,PASS,PASS,PASS, ,PASS,PASS,PASS,PASS,PASS,PASS,PASS,PASS,PASS, , ,PASS,PASS,PASS,PASS,PASS,PASS,PASS, ,PASS,PASS, , ,PASS, , , ,PASS,PASS, ,PASS, , , , ,PASS, ,PASS, ,PASS, , , , ,PASS, , , , , , , , , , , , ,PASS, , , ,PASS,PASS, , , , ,PASS, , ,PASS, , , , , ,PASS,PASS, , , , , , , ,PASS, , ,PASS,PASS, , ,PASS, ,PASS, , , ,PASS, ,PASS,PASS,PASS, , , , , , , , , , , , , , , , , , , , , , , , , , , , , , , , , , , , , , , , , , , , , , , , , , , ,1,
73,PASS,PASS,PASS,PASS,PASS,PASS,PASS,PASS,PASS,PASS,PASS,PASS,PASS,PASS,PASS,PASS,PASS,PASS,PASS,PASS,PASS,PASS,PASS,PASS,PASS,PASS,PASS,PASS,PASS,PASS,PASS,PASS,PASS,PASS,PASS,PASS,PASS,PASS,PASS,PASS,PASS,PASS,PASS,PASS,PASS,PASS,PASS,PASS, ,PASS,PASS,PASS,PASS,PASS,PASS,PASS,PASS, ,PASS,PASS, , ,PASS, , , ,PASS,PASS,PASS,PASS, ,PASS, , ,PASS,TIME,PASS,PASS,PASS, , , , ,PASS, , , , , , , , , , , ,PASS,PASS, , , ,PASS,PASS, , , , ,PASS, , ,PASS, , , , , ,PASS,PASS, , , , , , , ,PASS, , ,PASS,PASS, ,PASS,PASS, ,PASS, , , ,PASS, ,PASS,PASS,PASS, , , , , , , , , , , , , , , , , , , , , , , , , , , , , , , , , , , , , , , , , , , , , , , , , , , ,1,
74,EXC,EXC,EXC,EXC,EXC,EXC,EXC,EXC,EXC,EXC,PASS,EXC,EXC,PASS,PASS,EXC,EXC,EXC,EXC,EXC,EXC,EXC,EXC,EXC,PASS,EXC,EXC,EXC,EXC,EXC,EXC,EXC,EXC,EXC,EXC,EXC,EXC,PASS,EXC,EXC,EXC,EXC,EXC,EXC,EXC,EXC,EXC,EXC, ,PASS,EXC,EXC,EXC,EXC,EXC,EXC,EXC, ,EXC,EXC, , ,EXC, , , ,EXC,EXC,EXC,EXC,FAIL,EXC,FAIL,PASS,EXC,FAIL,EXC,EXC,EXC, ,PASS, , ,EXC, ,PASS,FAIL, , , , , , , , ,EXC,EXC, ,FAIL, ,EXC,EXC, ,EXC, ,FAIL,PASS, ,FAIL,PASS, , , ,EXC, ,FAIL,PASS, ,PASS, , ,FAIL, , ,EXC, , ,EXC,EXC,FAIL,EXC,EXC,EXC,EXC, , ,EXC,EXC,FAIL,EXC,EXC,EXC, , , , , , , , , ,EXC,PASS, , , ,EXC, , , , , ,PASS, , , , , , ,PASS, ,PASS, , , , , , ,PASS, , , ,PASS,PASS, , , , , , , , , ,94,
75,EXC,EXC,EXC,EXC,EXC,EXC,EXC,EXC,EXC,EXC,EXC,EXC,EXC,EXC,EXC,EXC,EXC,EXC,EXC,EXC,EXC,EXC,EXC,EXC,EXC,EXC,EXC,EXC,EXC,EXC,EXC,EXC,EXC,EXC,EXC,EXC,EXC,EXC,EXC,EXC,EXC,EXC,EXC,EXC,EXC,EXC,EXC,EXC, ,EXC,EXC,EXC,EXC,EXC,EXC,EXC,EXC, ,EXC,EXC, , ,EXC, , , ,EXC,EXC,EXC,EXC,PASS,EXC,PASS,FAIL,EXC,FAIL,EXC,EXC,EXC, ,FAIL, , ,EXC, ,FAIL,FAIL, , , , , , , , ,EXC,EXC, ,FAIL, ,EXC,EXC, ,EXC, ,FAIL,EXC, ,FAIL,EXC, , , ,EXC, ,FAIL,EXC, ,FAIL, , ,FAIL, , ,EXC, , ,EXC,EXC,PASS,EXC,EXC,EXC,EXC, , ,EXC,EXC,PASS,EXC,EXC,EXC, , , , , , , , , ,EXC,PASS, , , ,PASS, , , , , ,PASS, , , , , , ,PASS, ,PASS, , , , , , ,PASS, , , ,PASS,PASS, , , , , , , , , ,102,
76,PASS,PASS,PASS,PASS,PASS,PASS,PASS,PASS,PASS,PASS,PASS,PASS,PASS,PASS,PASS,PASS,PASS,PASS,FAIL,PASS,PASS,PASS,PASS,PASS,PASS,PASS,PASS,PASS,PASS,PASS,FAIL,PASS,PASS,PASS,PASS,PASS,PASS,PASS,PASS,PASS,PASS,PASS,PASS,PASS,PASS,PASS,PASS,PASS, ,PASS,PASS,PASS,PASS,PASS,FAIL,PASS,PASS, ,PASS,PASS, , ,PASS, , , ,PASS,PASS,PASS,PASS,PASS,PASS,PASS,PASS,PASS,PASS,PASS,PASS,FAIL, ,PASS, , ,PASS, ,PASS,PASS, , , , , , , , ,PASS,FAIL, ,PASS, ,PASS,PASS, ,PASS, ,PASS,PASS, ,PASS,PASS, , , ,PASS, ,PASS,PASS, ,PASS, , ,PASS, , ,PASS, , ,PASS,PASS,PASS,PASS,FAIL,PASS,PASS, , ,PASS,FAIL,PASS,PASS,PASS,PASS, , , , , , , , , ,PASS,FAIL, , , ,PASS, , , , , ,PASS, , , , , , ,PASS, ,PASS, , , , , , ,PASS, , , ,PASS,PASS, , , , , , , , , ,8,
77,PASS,PASS,PASS,PASS,PASS,PASS,PASS,PASS,PASS,PASS,PASS,PASS,PASS,PASS,PASS,PASS,EXC,PASS,PASS,PASS,PASS,PASS,PASS,PASS,PASS,PASS,PASS,PASS,PASS,PASS,PASS,PASS,PASS,PASS,EXC,PASS,PASS,PASS,PASS,EXC,PASS,PASS,PASS,PASS,PASS,PASS,PASS,PASS, ,PASS,PASS,PASS,PASS,PASS,PASS,EXC,PASS, ,EXC,PASS, , ,PASS, , , ,PASS,PASS,PASS,EXC,PASS,PASS,EXC,PASS,PASS,PASS,PASS,PASS,PASS, ,PASS, , ,PASS, ,PASS,FAIL, , , , , , , , ,PASS,PASS, ,PASS, ,PASS,PASS, ,PASS, ,PASS,PASS, ,PASS,PASS, , , ,PASS, ,FAIL,PASS, ,PASS, , ,PASS, , ,PASS, , ,PASS,PASS,PASS,PASS,PASS,EXC,EXC, , ,PASS,PASS,PASS,PASS,PASS,PASS, , , , , , , , , ,PASS,PASS, , , ,EXC, , , , , ,PASS, , , , , , ,PASS, ,PASS, , , , , , ,PASS, , , ,PASS,PASS, , , , , , , , , ,12,
78,EXC,EXC,EXC,EXC,EXC,EXC,EXC,EXC,EXC,EXC,PASS,EXC,EXC,PASS,PASS,EXC,EXC,EXC,EXC,EXC,EXC,EXC,EXC,EXC,PASS,EXC,EXC,EXC,EXC,EXC,EXC,EXC,EXC,EXC,EXC,EXC,EXC,PASS,EXC,EXC,EXC,EXC,EXC,EXC,EXC,EXC,EXC,EXC, ,PASS,EXC,EXC,EXC,EXC,EXC,EXC,EXC, ,EXC,EXC, , ,EXC, , , ,EXC,EXC,EXC,EXC,FAIL,EXC,FAIL,PASS,EXC,FAIL,EXC,EXC,EXC, ,PASS, , ,EXC, ,PASS,FAIL, , , , , , , , ,EXC,EXC, ,FAIL, ,EXC,EXC, ,EXC, ,FAIL,PASS, ,FAIL,PASS, , , ,EXC, ,FAIL,PASS, ,PASS, , ,FAIL, , ,EXC, , ,EXC,EXC,FAIL,EXC,EXC,EXC,EXC, , ,EXC,EXC,FAIL,EXC,EXC,EXC, , , , , , , , , ,EXC,PASS, , , ,PASS, , , , , ,PASS, , , , , , ,PASS, ,PASS, , , , , , ,PASS, , , ,PASS,PASS, , , , , , , , , ,93,
79,EXC,EXC,EXC,EXC,EXC,EXC,EXC,EXC,EXC,EXC,EXC,EXC,EXC,EXC,EXC,EXC,EXC,EXC,EXC,EXC,EXC,EXC,EXC,EXC,EXC,EXC,EXC,EXC,EXC,EXC,EXC,EXC,EXC,EXC,EXC,EXC,EXC,EXC,EXC,EXC,EXC,EXC,EXC,EXC,EXC,EXC,EXC,EXC, ,EXC,EXC,EXC,EXC,EXC,EXC,EXC,EXC, ,EXC,EXC, , ,EXC, , , ,EXC,EXC,EXC,EXC,FAIL,EXC,FAIL,FAIL,EXC,FAIL,EXC,EXC,EXC, ,FAIL, , ,EXC, ,FAIL,FAIL, , , , , , , , ,EXC,EXC, ,FAIL, ,EXC,EXC, ,EXC, ,FAIL,EXC, ,FAIL,EXC, , , ,EXC, ,FAIL,EXC, ,FAIL, , ,FAIL, , ,EXC, , ,EXC,EXC,FAIL,EXC,EXC,EXC,EXC, , ,EXC,EXC,FAIL,EXC,EXC,EXC, , , , , , , , , ,EXC,PASS, , , ,EXC, , , , , ,PASS, , , , , , ,PASS, ,PASS, , , , , , ,PASS, , , ,PASS,PASS, , , , , , , , , ,107,
8,PASS,PASS,PASS,PASS,PASS,PASS,PASS,PASS,PASS,PASS,PASS,PASS,PASS,PASS,PASS,PASS,PASS,PASS,PASS,PASS,PASS,PASS,PASS,PASS,PASS,PASS,PASS,PASS,EXC,PASS,PASS,PASS,PASS,PASS,PASS,EXC,PASS,PASS,PASS,PASS,PASS,PASS,PASS,PASS,PASS,PASS,PASS,PASS,PASS,PASS,EXC,PASS,PASS,EXC,PASS,PASS,PASS,PASS,PASS,EXC,PASS,PASS,PASS,PASS,PASS,PASS,PASS,PASS,PASS,EXC,PASS,EXC,PASS,PASS,PASS,PASS,PASS,PASS,EXC,PASS,PASS,PASS,PASS,PASS,PASS,PASS,PASS,PASS,PASS,PASS,PASS,PASS,PASS,PASS,PASS,EXC,PASS,PASS,PASS,PASS,PASS,PASS,PASS,PASS,PASS,PASS,PASS,PASS,PASS,PASS,PASS,PASS,PASS,PASS,PASS,PASS,PASS,PASS,PASS,PASS,PASS,PASS,PASS,PASS,PASS,PASS,PASS,EXC,PASS,PASS,PASS,PASS,PASS,PASS,PASS,PASS,PASS,PASS,PASS,PASS,PASS,PASS, , ,FAIL,PASS, , , , , ,EXC, , , , , ,PASS,PASS,PASS,PASS,PASS,PASS,PASS,PASS,PASS,PASS,PASS,PASS,PASS,PASS,PASS,PASS,PASS,PASS,PASS,PASS,PASS,PASS,PASS,PASS,PASS,PASS,PASS,PASS,PASS,PASS,PASS,PASS,PASS,PASS,PASS,PASS,12,
80,EXC,EXC,EXC,EXC,EXC,EXC,EXC,EXC,EXC,EXC,PASS,EXC,EXC,PASS,PASS,EXC,EXC,EXC,EXC,EXC,EXC,EXC,EXC,EXC,PASS,EXC,EXC,EXC,EXC,EXC,EXC,EXC,EXC,EXC,EXC,EXC,EXC,PASS,EXC,EXC,EXC,EXC,EXC,EXC,EXC,EXC,EXC,EXC, ,PASS,EXC,EXC,EXC,EXC,EXC,EXC,EXC, ,EXC,EXC, , ,EXC, , , ,EXC,EXC,EXC,EXC,FAIL,EXC,FAIL,PASS,EXC,FAIL,EXC,EXC,EXC, ,PASS, , ,EXC, ,PASS,FAIL, , , , , , , , ,EXC,EXC, ,FAIL, ,EXC,EXC, ,EXC, ,FAIL,PASS, ,FAIL,PASS, , , ,EXC, ,FAIL,PASS, ,PASS, , ,FAIL, , ,EXC, , ,EXC,EXC,FAIL,EXC,EXC,EXC,EXC, , ,EXC,EXC,FAIL,EXC,EXC,EXC, , , , , , , , , ,EXC,PASS, , , ,EXC, , , , , ,PASS, , , , , , ,PASS, ,PASS, , , , , , ,PASS, , , ,PASS,PASS, , , , , , , , , ,94,
81,EXC,EXC,EXC,EXC, ,EXC, ,EXC,EXC,EXC, ,EXC,EXC,EXC,EXC,EXC, ,EXC,EXC,EXC, ,EXC,EXC,EXC, , ,EXC,EXC, , ,EXC,EXC, , , , , ,EXC,EXC, ,EXC, , , , , ,EXC,EXC, ,EXC, ,EXC,EXC,EXC,EXC, , , , ,EXC, , ,EXC, , , ,EXC,EXC,EXC,EXC, ,EXC, , , ,FAIL, ,EXC,EXC, , , , ,EXC, , , , , , , , , , , ,EXC,EXC, , , , ,EXC, ,EXC, , , , , , , , , , , , , , , , , , , , ,EXC, , ,EXC,EXC, ,EXC,EXC, ,EXC, , , ,EXC, , , ,EXC, , , , , , , , , , , , , , , , , , , , , , , , , , , , , , , , , , , , ,PASS, , , , , , , , , , , , , , ,56,
82,PASS,PASS,PASS,PASS, ,PASS, ,PASS,PASS,PASS, ,PASS,PASS,PASS,PASS,PASS, ,PASS,PASS,PASS, ,PASS,PASS,PASS, , ,PASS,PASS, , ,PASS,PASS, , , , , ,PASS,PASS, ,PASS, , , , , ,PASS,PASS, ,PASS, ,FAIL,PASS,PASS,PASS, , , , ,PASS, , ,PASS, , , ,PASS,PASS,PASS,PASS, ,PASS, , , ,PASS, ,PASS,PASS, , , , ,PASS, , , , , , , , , , , ,PASS,FAIL, , , , ,PASS, ,PASS, , , , , , , , , , , , , , , , , , , , ,PASS, , ,PASS,PASS, ,PASS,PASS, ,PASS, , , ,PASS, , , ,PASS, , , , , , , , , , , , , , , , , , , , , , , , , , , , , , , , , , , , ,PASS, , , , , , , , , , , , , , ,2,
83,PASS,PASS,PASS,PASS, ,PASS, ,PASS,PASS,PASS, ,PASS,PASS,PASS,PASS,PASS, ,PASS,PASS,PASS, ,PASS,PASS,PASS, , ,PASS,PASS, , ,FAIL,PASS, , , , , ,PASS,PASS, ,PASS, , , , , ,PASS,PASS, ,PASS, ,PASS,PASS,PASS,FAIL, , , , ,PASS, , ,PASS, , , ,PASS,PASS,PASS,PASS, ,PASS, , , ,PASS, ,PASS,PASS, , , , ,PASS, , , , , , , , , , , ,PASS,PASS, , , , ,PASS, ,PASS, , , , , , , , , , , , , , , , , , , , ,PASS, , ,PASS,PASS, ,PASS,FAIL, ,PASS, , , ,FAIL, , , ,PASS, , , , , , , , , , , , , , , , , , , , , , , , , , , , , , , , , , , , ,PASS, , , , , , , , , , , , , , ,4,
84,PASS,PASS,PASS,PASS, ,PASS, ,PASS,PASS,PASS, ,PASS,PASS,PASS,PASS,PASS, ,PASS,PASS,PASS, , ,PASS,PASS, , ,PASS,PASS, , ,FAIL,PASS, , , , , ,PASS,PASS, ,PASS, , , , , ,PASS,PASS, ,PASS, ,PASS,PASS,PASS,FAIL, , , , ,PASS, , ,PASS, , , ,PASS,PASS,PASS,PASS, ,PASS, , , ,PASS, ,PASS,PASS, , , , ,PASS, , , , , , , , , , , ,PASS,PASS, , , , ,PASS, ,PASS, , , , , , , , , , , , , , , , , , , , ,PASS, , ,PASS,PASS, ,PASS,FAIL, ,PASS, , , ,FAIL, , , ,PASS, , , , , , , , , , , , , , , , , , , , , , , , , , , , , , , , , , , , ,PASS, , , , , , , , , , , , , , ,4,
85,PASS,PASS,PASS,PASS, ,PASS, ,PASS,PASS,PASS, ,PASS,PASS,PASS,PASS,PASS, ,PASS,FAIL,PASS, ,PASS,PASS,PASS, , ,PASS,PASS, , ,PASS,PASS, , , , , ,PASS,PASS, ,PASS, , , , , ,PASS,PASS, ,PASS, ,PASS,PASS,PASS,PASS, , , , ,PASS, , ,PASS, , , ,PASS,PASS,PASS,PASS, ,PASS, , , ,PASS, ,PASS,FAIL, , , , ,PASS, , , , , , , , , , , ,PASS,FAIL, , , , ,PASS, ,PASS, , , , , , , , , , , , , , , , , , , , ,PASS, , ,PASS,PASS, ,PASS,PASS, ,PASS, , , ,FAIL, , , ,PASS, , , , , , , , , , , , , , , , , , , , , , , , , , , , , , , , , , , , ,PASS, , , , , , , , , , , , , , ,4,
86,PASS,PASS,PASS,PASS, ,PASS, ,PASS,PASS,PASS, ,PASS,PASS,PASS,PASS,PASS, ,PASS,PASS,PASS, ,PASS,PASS,PASS, , ,PASS,PASS, , ,PASS,PASS, , , , , ,PASS,PASS, ,FAIL, , , , , ,PASS,PASS, ,PASS, ,PASS,PASS,PASS,PASS, , , , ,PASS, , ,PASS, , , ,PASS,PASS,PASS,PASS, ,PASS, , , ,PASS, ,PASS,PASS, , , , ,PASS, , , , , , , , , , , ,PASS,PASS, , , , ,PASS, ,PASS, , , , , , , , , , , , , , , , , , , , ,PASS, , ,PASS,PASS, ,PASS,PASS, ,PASS, , , ,PASS, , , ,PASS, , , , , , , , , , , , , , , , , , , , , , , , , , , , , , , , , , , , ,PASS, , , , , , , , , , , , , , ,1,
87,PASS, , , , , , , , , , , , , , , , , , , , , , , , , , , , , , , , , , , , , , , ,FAIL, , , , , ,PASS,PASS, , , , , , , , , , , , , , , , , , , , , ,PASS, , , , , , , , , , , , , , , , , , , , , , , , , , , , , , , , , , , , , , , , , , , , , , , , , , , , , , , , , , , , , , , , , , , ,PASS, , , , , , , , , , , , , , , , , , , , , , , , , , , , , , , , , , , , , , , , , , , , , , , , , , , , , , , ,1,
88,PASS,PASS,PASS,PASS, ,PASS, ,PASS,PASS,PASS, ,PASS,PASS,PASS,PASS,PASS, ,PASS,PASS,PASS, ,PASS,PASS,PASS, , ,PASS,PASS, , ,FAIL,PASS, , , , , ,PASS,PASS, ,PASS, , , , , ,PASS,PASS, ,PASS, ,FAIL,PASS,PASS,FAIL, , , , ,PASS, , ,PASS, , , ,PASS,PASS,PASS,FAIL, ,PASS, , , ,PASS, ,PASS,PASS, , , , ,PASS, , , , , , , , , , , ,PASS,PASS, , , , ,PASS, ,PASS, , , , , , , , , , , , , , , , , , , , ,FAIL, , ,PASS,FAIL, ,PASS,FAIL, ,PASS, , , ,FAIL, , , ,PASS, , , , , , , , , , , , , , , , , , , , , , , , , , , , , , , , , , , , ,PASS, , , , , , , , , , , , , , ,8,
89,PASS,FAIL,PASS,PASS,PASS,FAIL,FAIL,PASS,PASS,PASS,FAIL,PASS,PASS,FAIL,PASS,PASS,PASS,PASS,FAIL,FAIL,FAIL,FAIL,PASS,PASS,PASS,PASS,FAIL,FAIL,PASS,PASS,FAIL,FAIL,PASS,PASS,PASS,PASS,PASS,FAIL,FAIL,PASS,FAIL,PASS,FAIL,PASS,FAIL,PASS,PASS,PASS, ,FAIL,FAIL,PASS,FAIL,PASS,PASS,PASS,FAIL, ,PASS,PASS, , ,FAIL, , , ,FAIL,PASS,FAIL,FAIL,PASS,PASS,PASS,PASS,PASS,PASS,PASS,PASS,FAIL, ,PASS, , ,FAIL, ,PASS,PASS, , , , , , , , ,PASS,FAIL, ,PASS, ,PASS,PASS, ,FAIL, ,PASS,PASS, ,PASS,PASS, , , ,PASS, ,PASS,PASS, ,PASS, , ,PASS, , ,FAIL, , ,PASS,FAIL,PASS,PASS,FAIL,PASS,PASS, , ,PASS,FAIL,PASS,FAIL,FAIL,FAIL, , , , , , , , , ,PASS, , , , ,FAIL, , , , , ,PASS, , , , , , ,PASS, ,PASS, , , , , , ,PASS, , , ,PASS,PASS, , , , , , , , , ,38,
9,PASS,PASS,PASS,PASS,PASS,PASS,PASS,PASS,PASS,PASS,PASS,PASS,PASS,PASS,PASS,PASS,PASS,PASS,PASS,PASS,PASS,PASS,PASS,PASS,PASS,PASS,PASS,PASS,PASS,PASS,PASS,PASS,PASS,PASS,PASS,PASS,PASS,PASS,PASS,PASS,PASS,PASS,PASS,PASS,PASS,PASS,PASS,PASS,PASS,PASS,PASS,PASS,PASS,PASS,PASS,PASS,PASS,PASS,PASS,PASS,PASS,PASS,PASS,PASS,PASS,PASS,PASS,PASS,PASS,PASS,PASS,PASS,PASS,PASS,PASS,PASS,PASS,PASS,FAIL,PASS,PASS,PASS,PASS,PASS,PASS,PASS,PASS,PASS,PASS,PASS,PASS,PASS,PASS,PASS,PASS,PASS,PASS,PASS,PASS,PASS,PASS,PASS,PASS,PASS,PASS,PASS,PASS,PASS,PASS,PASS,PASS,PASS,PASS,PASS,PASS,PASS,PASS,PASS,PASS,PASS,PASS,PASS,PASS,PASS,PASS,PASS,PASS,PASS,PASS,PASS,PASS,PASS,PASS,PASS,PASS,PASS,PASS,PASS,PASS,PASS,PASS,PASS, , ,PASS,PASS, , , , , ,PASS, , , , , ,PASS,PASS,PASS,PASS,PASS,PASS,PASS,PASS,PASS,PASS,PASS,PASS,PASS,PASS,PASS,PASS,PASS,PASS,PASS,PASS,PASS,PASS,PASS,PASS,PASS,PASS,PASS,PASS,PASS,PASS,PASS,PASS,PASS,PASS,PASS,PASS,1,
90,EXC,EXC,EXC,PASS,EXC,EXC,EXC,PASS,PASS,PASS,FAIL,PASS,EXC,FAIL,PASS,EXC,PASS,PASS,EXC,FAIL,EXC,EXC,EXC,PASS,PASS,EXC,EXC,FAIL,EXC,PASS,EXC,EXC,EXC,EXC,PASS,EXC,EXC,FAIL,FAIL,PASS,EXC,PASS,EXC,EXC,EXC,PASS,EXC,EXC, ,FAIL,EXC,EXC,EXC,EXC,PASS,PASS,FAIL, ,PASS,EXC, , ,EXC, , , ,EXC,EXC,FAIL,EXC,PASS,EXC,PASS,PASS,PASS,PASS,TIME,PASS,EXC, ,PASS, , ,EXC, ,PASS,PASS, , , , , , , , ,EXC,EXC, ,PASS, ,EXC,PASS, ,EXC, ,PASS,PASS, ,PASS,PASS, , , ,PASS, ,PASS,PASS, ,PASS, , ,PASS, , ,FAIL, , ,EXC,EXC,PASS,PASS,EXC,PASS,PASS, , ,PASS,EXC,PASS,EXC,FAIL,EXC, , , , , , , , , ,EXC, , , , ,FAIL, , , , , ,PASS, , , , , , ,PASS, ,PASS, , , , , , ,PASS, , , ,PASS,PASS, , , , , , , , , ,63,
91,PASS,FAIL,PASS,PASS,PASS,FAIL,FAIL,PASS,PASS,PASS,FAIL,PASS,PASS,FAIL,PASS,PASS,PASS,PASS,FAIL,FAIL,FAIL,FAIL,PASS,PASS,PASS,PASS,FAIL,FAIL,PASS,PASS,FAIL,FAIL,PASS,PASS,PASS,PASS,PASS,FAIL,FAIL,PASS,FAIL,PASS,FAIL,PASS,FAIL,PASS,PASS,PASS, ,FAIL,FAIL,PASS,FAIL,PASS,PASS,PASS,FAIL, ,PASS,PASS, , ,FAIL, , , ,FAIL,PASS,FAIL,FAIL,PASS,PASS,PASS,PASS,PASS,PASS,PASS,PASS,FAIL, ,PASS, , ,FAIL, ,PASS,PASS, , , , , , , , ,PASS,FAIL, ,PASS, ,PASS,PASS, ,FAIL, ,PASS,PASS, ,PASS,PASS, , , ,PASS, ,PASS,PASS, ,PASS, , ,PASS, , ,FAIL, , ,PASS,FAIL,PASS,PASS,FAIL,PASS,PASS, , ,PASS,FAIL,PASS,FAIL,FAIL,FAIL, , , , , , , , , ,PASS, , , , ,FAIL, , , , , ,PASS, , , , , , ,PASS, ,PASS, , , , , , ,PASS, , , ,PASS,PASS, , , , , , , , , ,38,
92,EXC,EXC,EXC,EXC,EXC,EXC,EXC,EXC,EXC,EXC,EXC,EXC,EXC,EXC,EXC,EXC,EXC,EXC,EXC,EXC,EXC,EXC,EXC,EXC,EXC,EXC,EXC,EXC,EXC,EXC,EXC,EXC,EXC,EXC,EXC,EXC,EXC,EXC,EXC,EXC,EXC,EXC,EXC,EXC,EXC,EXC,EXC,EXC, ,EXC,EXC,EXC,EXC,EXC,EXC,EXC,EXC, ,EXC,EXC, , ,EXC, , , ,EXC,EXC,EXC,EXC,FAIL,EXC,FAIL,FAIL,EXC,FAIL,EXC,EXC,EXC, ,FAIL, , ,EXC, ,FAIL,FAIL, , , , , , , , ,EXC,EXC, ,FAIL, ,EXC,EXC, ,EXC, ,FAIL,EXC, ,FAIL,EXC, , , ,EXC, ,FAIL,EXC, ,FAIL, , ,FAIL, , ,EXC, , ,EXC,EXC,FAIL,EXC,EXC,EXC,EXC, , ,TIME,EXC,FAIL,EXC,EXC,EXC, , , , , , , , , ,EXC, , , , ,PASS, , , , , ,PASS, , , , , , ,PASS, ,PASS, , , , , , ,PASS, , , ,PASS,PASS, , , , , , , , , ,106,
93,PASS,FAIL,PASS,PASS,PASS,FAIL,FAIL,PASS,PASS,PASS,FAIL,PASS,PASS,FAIL,PASS,PASS,PASS,PASS,FAIL,FAIL,FAIL,FAIL,PASS,PASS,PASS,PASS,FAIL,FAIL,PASS,PASS,FAIL,FAIL,PASS,PASS,PASS, ,PASS,FAIL,FAIL,PASS,FAIL,PASS,FAIL,PASS,FAIL,PASS,PASS,PASS, ,FAIL,FAIL,PASS,FAIL,PASS,PASS,PASS,FAIL, ,PASS,PASS, , ,FAIL, , , ,FAIL,PASS,FAIL,FAIL,PASS,PASS,PASS,PASS,PASS,PASS,PASS,PASS,FAIL, ,PASS, , ,FAIL, ,PASS,EXC, , , , , , , , ,PASS,FAIL, ,PASS, ,PASS,PASS, ,FAIL, ,PASS,PASS, ,PASS,PASS, , , ,PASS, ,PASS,PASS, ,PASS, , ,PASS, , ,FAIL, , ,PASS,FAIL,PASS,PASS,FAIL,PASS,PASS, , ,PASS,FAIL,PASS,FAIL,FAIL,FAIL, , , , , , , , , , , , , , ,FAIL, , , , , ,PASS, , , , , , ,PASS, ,PASS, , , , , , ,PASS, , , ,PASS,PASS, , , , , , , , , ,39,
94,PASS,FAIL,PASS,PASS,PASS,FAIL,FAIL,PASS,FAIL,PASS,FAIL,PASS,PASS,FAIL,PASS,PASS,PASS,PASS,FAIL,FAIL,FAIL,FAIL,PASS,PASS,PASS,PASS,FAIL,FAIL,PASS,PASS,FAIL,FAIL,PASS,PASS,PASS,PASS,PASS,FAIL,FAIL,PASS,FAIL,PASS,FAIL,PASS,FAIL,PASS,PASS,PASS, ,FAIL,FAIL,PASS,FAIL,PASS,PASS,PASS,FAIL, ,PASS,PASS, , ,FAIL, , , ,FAIL,PASS,FAIL,FAIL,PASS,PASS,PASS,PASS,PASS,PASS,PASS,PASS,FAIL, ,PASS, , ,FAIL, ,PASS, , , , , , , , , ,PASS,FAIL, , , ,PASS,PASS, ,FAIL, , ,PASS, ,PASS,PASS, , , ,PASS, ,PASS,PASS, ,PASS, , ,PASS, , ,FAIL, , ,PASS,FAIL,PASS,PASS,FAIL,PASS,PASS, , ,PASS,FAIL,PASS,FAIL,FAIL,FAIL, , , , , , , , , , , , , , , , , , , , , , , , , , , ,PASS, , , , , , , , ,PASS, , , , , , , , , , , , , , ,38,
95,PASS,FAIL,PASS,PASS,EXC,EXC,FAIL,PASS,FAIL,PASS,FAIL,PASS,PASS,FAIL,PASS,PASS,EXC,EXC,FAIL,FAIL,FAIL,EXC,EXC,PASS,PASS,EXC,FAIL,FAIL,PASS,PASS,EXC,FAIL,PASS,PASS,EXC,EXC,PASS,FAIL,FAIL,PASS,FAIL,EXC,FAIL,PASS,FAIL,PASS,EXC,PASS, ,EXC,FAIL,EXC,EXC,PASS,PASS,EXC,EXC, ,EXC,EXC, , ,FAIL, , , ,FAIL,PASS,FAIL,EXC,PASS,EXC,PASS,PASS,EXC,PASS,PASS,PASS,EXC, ,PASS, , ,FAIL, ,PASS, , , , , , , , , ,PASS,FAIL, , , ,PASS,PASS, ,EXC, , ,PASS, ,PASS,PASS, , , ,PASS, ,PASS,PASS, ,PASS, , ,PASS, , ,FAIL, , ,PASS,FAIL,PASS,PASS,FAIL,PASS,EXC, , ,PASS,FAIL,PASS,EXC,FAIL,FAIL, , , , , , , , , , , , , , , , , , , , , , , , , , , ,PASS, , , , , , , , ,PASS, , , , , , , , , , , , , , ,54,
96,PASS,PASS,PASS,PASS,EXC,EXC,PASS,PASS,PASS,PASS,PASS,PASS,PASS,PASS,PASS,PASS,EXC,EXC,PASS,PASS,PASS,EXC,EXC,PASS,PASS,EXC,PASS,PASS,PASS,PASS,EXC,PASS,PASS,PASS,EXC,EXC,PASS,PASS,PASS,PASS,PASS,EXC,PASS,PASS,PASS,PASS,EXC,PASS, ,EXC,PASS,EXC,EXC,PASS,PASS,EXC,EXC, ,EXC,EXC, , ,PASS, , , ,PASS,PASS,PASS,EXC,PASS,EXC,PASS,PASS,EXC,PASS,PASS,PASS,EXC, ,PASS, , ,PASS, ,PASS, , , , , , , , , ,PASS,PASS, , , ,PASS,PASS, ,EXC, , ,PASS, ,PASS,PASS, , , ,PASS, ,PASS,PASS, ,PASS, , ,PASS, , ,PASS, , ,PASS,PASS,PASS,PASS,PASS,PASS,EXC, , ,PASS,EXC,PASS,EXC,PASS,PASS, , , , , , , , , , , , , , , , , , , , , , , , , , , ,PASS, , , , , , , , ,PASS, , , , , , , , , , , , , , ,27,
97,PASS,FAIL,PASS,PASS,PASS,FAIL,FAIL,PASS,FAIL,PASS,FAIL,PASS,PASS,FAIL,PASS,PASS,PASS,PASS,FAIL,FAIL,FAIL,FAIL,PASS,PASS,PASS,PASS,FAIL,FAIL,PASS,PASS,FAIL,FAIL,PASS,PASS,PASS,PASS,PASS,FAIL,FAIL,PASS,FAIL,PASS,FAIL,PASS,FAIL,PASS,PASS,PASS, ,FAIL,FAIL,PASS,FAIL,PASS,PASS,PASS,FAIL, ,PASS,PASS, , ,FAIL, , , ,FAIL,PASS,FAIL,FAIL,PASS,PASS,PASS,PASS,PASS,PASS,PASS,PASS,FAIL, ,PASS, , ,FAIL, ,PASS, , , , , , , , , ,PASS,FAIL, , , ,PASS,PASS, ,FAIL, , ,PASS, ,PASS,PASS, , , ,PASS, ,PASS,PASS, ,PASS, , ,PASS, , ,FAIL, , ,PASS,FAIL,PASS,PASS,FAIL,PASS,PASS, , ,PASS,FAIL,PASS,FAIL,FAIL,FAIL, , , , , , , , , , , , , , , , , , , , , , , , , , , ,PASS, , , , , , , , ,PASS, , , , , , , , , , , , , , ,38,
98,PASS,FAIL,PASS,PASS,PASS,FAIL,FAIL,PASS,FAIL,PASS,FAIL,PASS,PASS,FAIL,PASS,PASS,PASS,PASS,FAIL,FAIL,FAIL,FAIL,PASS,PASS,PASS,PASS,FAIL,FAIL,PASS,PASS,FAIL,FAIL,PASS,PASS,PASS,PASS,PASS,FAIL,FAIL,PASS,FAIL,PASS,FAIL,PASS,FAIL,PASS,PASS,PASS, ,FAIL,FAIL,PASS,FAIL,PASS,PASS,PASS,FAIL, ,PASS,PASS, , ,FAIL, , , ,FAIL,PASS,FAIL,FAIL,PASS,PASS,PASS,PASS,PASS,PASS,PASS,PASS,FAIL, ,PASS, , ,FAIL, ,PASS, , , , , , , , , ,PASS,FAIL, , , ,PASS,PASS, ,FAIL, , ,PASS, ,PASS,PASS, , , ,PASS, ,PASS,PASS, ,PASS, , ,PASS, , ,FAIL, , ,PASS,FAIL,PASS,PASS,FAIL,PASS,PASS, , ,PASS,FAIL,PASS,TIME,FAIL,FAIL, , , , , , , , , , , , , , , , , , , , , , , , , , , ,PASS, , , , , , , , ,PASS, , , , , , , , , , , , , , ,38,
99,PASS,PASS,PASS,PASS,PASS,PASS,PASS,PASS,PASS,PASS,PASS,PASS,PASS,PASS,PASS,PASS,PASS,PASS,PASS,PASS,PASS,PASS,PASS,PASS,PASS,PASS,PASS,PASS,PASS,PASS,PASS,PASS,PASS,PASS,PASS,PASS,PASS,PASS,PASS,PASS,PASS,PASS,PASS,PASS,PASS,PASS,PASS,PASS, ,PASS,PASS,PASS,PASS,PASS,PASS,PASS,PASS, ,PASS,PASS, , ,TIME, , , ,PASS,PASS,PASS,PASS,PASS,PASS,PASS,PASS,PASS,PASS,PASS,PASS,PASS, ,PASS, , ,PASS, ,PASS, , , , , , , , , ,PASS,PASS, , , ,PASS,PASS, ,PASS, , ,PASS, ,PASS,PASS, , , ,PASS, ,PASS,PASS, ,PASS, , ,PASS, , ,PASS, , ,PASS,PASS,PASS,PASS,PASS,PASS,PASS, , ,PASS,PASS,PASS,PASS,PASS,PASS, , , , , , , , , , , , , , , , , , , , , , , , , , , ,PASS, , , , , , , , ,PASS, , , , , , , , , , , , , , ,1,
