Mutant,org.apache.commons.math.analysis.solvers.IllinoisSolverTest[testSinZero],org.apache.commons.math.analysis.solvers.PegasusSolverTest[testSolutionAboveSide],org.apache.commons.math.analysis.solvers.PegasusSolverTest[testSinZero],org.apache.commons.math.analysis.solvers.RegulaFalsiSolverTest[testSolutionBelowSide],org.apache.commons.math.analysis.solvers.RegulaFalsiSolverTest[testSinZero],org.apache.commons.math.analysis.solvers.IllinoisSolverTest[testSolutionAboveSide],org.apache.commons.math.analysis.solvers.IllinoisSolverTest[testSolutionBelowSide],org.apache.commons.math.analysis.solvers.IllinoisSolverTest[testSolutionLeftSide],org.apache.commons.math.analysis.solvers.IllinoisSolverTest[testRootEndpoints],org.apache.commons.math.analysis.solvers.IllinoisSolverTest[testQuinticZero],org.apache.commons.math.analysis.solvers.PegasusSolverTest[testSolutionBelowSide],org.apache.commons.math.analysis.solvers.PegasusSolverTest[testSolutionLeftSide],org.apache.commons.math.analysis.solvers.PegasusSolverTest[testRootEndpoints],org.apache.commons.math.analysis.solvers.RegulaFalsiSolverTest[testSolutionRightSide],org.apache.commons.math.analysis.solvers.RegulaFalsiSolverTest[testSolutionAboveSide],org.apache.commons.math.analysis.solvers.RegulaFalsiSolverTest[testSolutionLeftSide],org.apache.commons.math.analysis.solvers.RegulaFalsiSolverTest[testRootEndpoints],org.apache.commons.math.analysis.solvers.SecantSolverTest[testSolutionAboveSide],org.apache.commons.math.analysis.solvers.SecantSolverTest[testSolutionBelowSide],org.apache.commons.math.analysis.solvers.SecantSolverTest[testSolutionLeftSide],org.apache.commons.math.analysis.solvers.PegasusSolverTest[testQuinticZero],org.apache.commons.math.analysis.solvers.RegulaFalsiSolverTest[testQuinticZero],org.apache.commons.math.analysis.solvers.PegasusSolverTest[testBadEndpoints],org.apache.commons.math.analysis.solvers.RegulaFalsiSolverTest[testBadEndpoints],org.apache.commons.math.analysis.solvers.IllinoisSolverTest[testBadEndpoints],org.apache.commons.math.ode.events.OverlappingEventsTest[testOverlappingEvents1],org.apache.commons.math.analysis.solvers.SecantSolverTest[testSolutionRightSide],org.apache.commons.math.analysis.solvers.PegasusSolverTest[testSolutionRightSide],org.apache.commons.math.ode.events.EventStateTest[closeEvents],org.apache.commons.math.analysis.solvers.RegulaFalsiSolverTest[testIssue631],org.apache.commons.math.analysis.solvers.IllinoisSolverTest[testSolutionRightSide],org.apache.commons.math.ode.events.OverlappingEventsTest[testOverlappingEvents0],org.apache.commons.math.analysis.solvers.BaseSecantSolver_ESTest[test11],org.apache.commons.math.analysis.solvers.BaseSecantSolver_ESTest[test13],org.apache.commons.math.analysis.solvers.BaseSecantSolver_ESTest[test03],org.apache.commons.math.analysis.solvers.BaseSecantSolver_ESTest[test12],org.apache.commons.math.analysis.solvers.BaseSecantSolver_ESTest[test02],org.apache.commons.math.analysis.solvers.BaseSecantSolver_ESTest[test10],org.apache.commons.math.analysis.solvers.BaseSecantSolver_ESTest[test09],org.apache.commons.math.analysis.solvers.BaseSecantSolver_ESTest[test07],org.apache.commons.math.analysis.solvers.BaseSecantSolver_ESTest[test04],org.apache.commons.math.analysis.solvers.BaseSecantSolver_ESTest[test14],org.apache.commons.math.analysis.solvers.BaseSecantSolver_ESTest[test01],org.apache.commons.math.analysis.solvers.BaseSecantSolver_ESTest[test05],org.apache.commons.math.analysis.solvers.BaseSecantSolver_ESTest[test17],org.apache.commons.math.analysis.solvers.BaseSecantSolver_ESTest[test15],org.apache.commons.math.analysis.solvers.BaseSecantSolver_ESTest[test08],org.apache.commons.math.analysis.solvers.BaseSecantSolver_ESTest[test16],org.apache.commons.math.analysis.solvers.BaseSecantSolver_ESTest[test06],org.apache.commons.math.analysis.solvers.BaseSecantSolver_ESTest[test00],Total,Equiv?
1,PASS,PASS,PASS,PASS,PASS,PASS,PASS,PASS,PASS,PASS,PASS,PASS,PASS,PASS,PASS,PASS,PASS, , , ,PASS,PASS,PASS,PASS,PASS, , ,PASS, ,PASS,PASS, , , ,PASS, ,PASS, , , , ,PASS, ,PASS,PASS,PASS, ,PASS, , ,0,
10, ,PASS, ,PASS, ,PASS,PASS,PASS, , ,PASS,PASS, ,PASS,PASS,PASS, , , , , , , , , ,PASS, ,PASS, , ,PASS,PASS, , , , , , , , , ,PASS,FAIL, ,FAIL,FAIL, ,FAIL,PASS, ,4,
100,FAIL, , , , ,PASS,PASS,PASS, ,FAIL, , , , , , , , , , , , , , , , , , , , ,PASS, , , , , , , , , , , , ,FAIL, , , , , , ,3,
101,FAIL, , , , ,PASS,PASS,FAIL, ,FAIL, , , , , , , , , , , , , , , , , , , , ,FAIL, , , , , , , , , , , , ,FAIL, , , , , , ,5,
102,PASS, , , , ,PASS,PASS,PASS, ,FAIL, , , , , , , , , , , , , , , , , , , , ,PASS, , , , , , , , , , , , ,FAIL, , , , , , ,2,
103,PASS, , , , ,PASS,PASS,PASS, ,FAIL, , , , , , , , , , , , , , , , , , , , ,PASS, , , , , , , , , , , , ,FAIL, , , , , , ,2,
104, ,EXC,EXC, , , , , , , ,EXC,EXC, , , , , , , , ,EXC, , , , ,EXC, ,EXC,EXC, , ,EXC, , , , , ,PASS,PASS, ,PASS,FAIL, , ,FAIL,PASS,PASS,FAIL, , ,12,
105, ,EXC,EXC, , , , , , , ,EXC,EXC, , , , , , , , ,EXC, , , , ,EXC, ,EXC,EXC, , ,EXC, , , , , ,PASS,PASS, ,PASS,PASS, , ,PASS,PASS,PASS,PASS, , ,9,
106, ,EXC,EXC, , , , , , , ,EXC,EXC, , , , , , , , ,EXC, , , , ,EXC, ,EXC,PASS, , ,EXC, , , , , ,PASS,PASS, ,PASS,PASS, , ,PASS,PASS,PASS,PASS, , ,8,
107, ,PASS,FAIL, , , , , , , ,EXC,EXC, , , , , , , , ,FAIL, , , , ,EXC, ,PASS,PASS, , ,EXC, , , , , ,PASS,PASS, ,PASS,PASS, , ,PASS,PASS,PASS,PASS, , ,6,
108, ,PASS,FAIL, , , , , , , ,PASS,PASS, , , , , , , , ,FAIL, , , , ,EXC, ,PASS,PASS, , ,EXC, , , , , ,PASS,PASS, ,PASS,PASS, , ,PASS,PASS,PASS,PASS, , ,4,
109, ,PASS,PASS, , , , , , , ,PASS,PASS, , , , , , , , ,FAIL, , , , ,EXC, ,PASS,PASS, , ,EXC, , , , , ,PASS,PASS, ,PASS,PASS, , ,PASS,PASS,PASS,PASS, , ,3,
11, ,PASS, ,PASS, ,PASS,PASS,PASS, , ,PASS,PASS, ,PASS,PASS,PASS, , , , , , , , , ,PASS, ,PASS, , ,PASS,PASS, , , , , , , , , ,PASS,FAIL, ,FAIL,FAIL, ,FAIL,PASS, ,4,
110, ,PASS,FAIL, , , , , , , ,PASS,PASS, , , , , , , , ,FAIL, , , , ,EXC, ,PASS,PASS, , ,EXC, , , , , ,PASS,PASS, ,PASS,PASS, , ,PASS,PASS,PASS,FAIL, , ,5,
111, ,PASS,FAIL, , , , , , , ,PASS,PASS, , , , , , , , ,FAIL, , , , ,EXC, ,FAIL,PASS, , ,EXC, , , , , ,PASS,PASS, ,PASS,PASS, , ,PASS,PASS,PASS,PASS, , ,5,
112, ,PASS,PASS, , , , , , , ,PASS,PASS, , , , , , , , ,FAIL, , , , ,EXC, ,PASS,PASS, , ,PASS, , , , , ,PASS,PASS, ,PASS,FAIL, , ,FAIL,PASS,PASS,FAIL, , ,5,
113, ,PASS,PASS, , , , , , , ,PASS,PASS, , , , , , , , ,PASS, , , , ,EXC, ,PASS,PASS, , ,PASS, , , , , ,PASS,PASS, ,PASS,PASS, , ,PASS,PASS,PASS,PASS, , ,1,
114, , , ,PASS,FAIL, , , , , , , , ,PASS,PASS,PASS, , , , , ,PASS, , , , , , , ,EXC, , , , , , , , , , , , , , , , , , ,EXC, ,3,
115, , , ,PASS,FAIL, , , , , , , , ,PASS,PASS,PASS, , , , , ,PASS, , , , , , , ,EXC, , , , , , , , , , , , , , , , , , ,PASS, ,2,
116, , , ,PASS,FAIL, , , , , , , , ,PASS,PASS,PASS, , , , , ,PASS, , , , , , , ,PASS, , , , , , , , , , , , , , , , , , ,PASS, ,1,
117, , , ,PASS,PASS, , , , , , , , ,PASS,PASS,PASS, , , , , ,PASS, , , , , , , ,EXC, , , , , , , , , , , , , , , , , , ,PASS, ,1,
118, , , ,PASS,PASS, , , , , , , , ,PASS,PASS,PASS, , , , , ,PASS, , , , , , , ,PASS, , , , , , , , , , , , , , , , , , ,EXC, ,1,
119, , , ,PASS,PASS, , , , , , , , ,PASS,PASS,PASS, , , , , ,PASS, , , , , , , ,EXC, , , , , , , , , , , , , , , , , , ,PASS, ,1,
12, ,PASS, ,PASS, ,PASS,PASS,PASS, , ,PASS,PASS, ,PASS,PASS,PASS, , , , , , , , , ,PASS, ,PASS, , ,PASS,PASS, , , , , , , , , ,PASS,FAIL, ,FAIL,FAIL, ,FAIL,PASS, ,4,
120, , , ,PASS,FAIL, , , , , , , , ,PASS,PASS,PASS, , , , , ,PASS, , , , , , , ,PASS, , , , , , , , , , , , , , , , , , ,EXC, ,2,
121, , , , , , , , , , , , , , , , , , , , , , , , , , , , , ,PASS, , , , , , , , , , , , , , , , , , ,PASS, ,0,
122, , , , , , , , , , , , , , , , , , , , , , , , , , , , , ,PASS, , , , , , , , , , , , , , , , , , ,EXC, ,1,
123, , , , , , , , , , , , , , , , , , , , , , , , , , , , , ,PASS, , , , , , , , , , , , , , , , , , ,PASS, ,0,
124, , , , , , , , , , , , , , , , , , , , , , , , , , , , , ,PASS, , , , , , , , , , , , , , , , , , ,EXC, ,1,
125, , , , , , , , , , , , , , , , , , , , , , , , , , , , , ,FAIL, , , , , , , , , , , , , , , , , , ,EXC, ,2,
126, , , , , , , , , , , , , , , , , , , , , , , , , , , , , ,FAIL, , , , , , , , , , , , , , , , , , ,EXC, ,2,
127, , , , , , , , , , , , , , , , , , , , , , , , , , , , , ,FAIL, , , , , , , , , , , , , , , , , , ,EXC, ,2,
128, , , , , , , , , , , , , , , , , , , , , , , , , , , , , ,EXC, , , , , , , , , , , , , , , , , , ,PASS, ,1,
129, , , , , , , , , , , , , , , , , , , , , , , , , , , , , ,FAIL, , , , , , , , , , , , , , , , , , ,EXC, ,2,
13, ,PASS, ,PASS, ,PASS,PASS,PASS, , ,PASS,PASS, ,PASS,PASS,PASS, , , , , , , , , ,PASS, ,PASS, , ,PASS,PASS, , , , , , , , , ,PASS,FAIL, ,FAIL,FAIL, ,FAIL,PASS, ,4,
130, , , , , , , , , , , , , , , , , , , , , , , , , , , , , ,FAIL, , , , , , , , , , , , , , , , , , ,EXC, ,2,
131, , , , , , , , , , , , , , , , , , , , , , , , , , , , , ,FAIL, , , , , , , , , , , , , , , , , , ,EXC, ,2,
132, , , , , , , , , , , , , , , , , , , , , , , , , , , , , ,FAIL, , , , , , , , , , , , , , , , , , ,PASS, ,1,
133, , , , , , , , , , , , , , , , , , , , , , , , , , , , , ,EXC, , , , , , , , , , , , , , , , , , ,PASS, ,1,
134, , , , , , , , , , , , , , , , , , , , , , , , , , , , , ,EXC, , , , , , , , , , , , , , , , , , ,EXC, ,2,
135, , , , , , , , , , , , , , , , , , , , , , , , , , , , , ,FAIL, , , , , , , , , , , , , , , , , , ,EXC, ,2,
136, , , , , , , , , , , , , , , , , , , , , , , , , , , , , ,EXC, , , , , , , , , , , , , , , , , , ,EXC, ,2,
137, , , , , , , , , , , , , , , , , , , , , , , , , , , , , ,FAIL, , , , , , , , , , , , , , , , , , ,EXC, ,2,
138, , , , , , , , , , , , , , , , , , , , , , , , , , , , , ,FAIL, , , , , , , , , , , , , , , , , , ,EXC, ,2,
139, , , , , , , , , , , , , , , , , , , , , , , , , , , , , ,EXC, , , , , , , , , , , , , , , , , , ,EXC, ,2,
14, ,PASS, ,PASS, ,PASS,PASS,PASS, , ,PASS,PASS, ,PASS,PASS,PASS, , , , , , , , , ,PASS, ,PASS, , ,PASS,PASS, , , , , , , , , ,PASS,FAIL, ,FAIL,FAIL, ,FAIL,PASS, ,4,
140, , , , , , , , , , , , , , , , , , , , , , , , , , , , , ,FAIL, , , , , , , , , , , , , , , , , , ,PASS, ,1,
141, , , ,EXC,EXC, , , , , , , , ,EXC,EXC,EXC, , , , , ,EXC, , , , , , , ,EXC, , , , , , , , , , , , , , , , , , ,EXC, ,8,
142,FAIL,PASS,FAIL,FAIL,EXC,PASS,FAIL,FAIL, ,FAIL,FAIL,FAIL, ,PASS,PASS,FAIL, , , , ,FAIL,FAIL, , , ,FAIL, ,PASS,PASS,FAIL,PASS,FAIL,PASS,FAIL, ,PASS, ,PASS,PASS,FAIL,FAIL,FAIL, ,FAIL,FAIL,FAIL,FAIL,FAIL,PASS,PASS,24,
143,EXC,EXC,EXC,EXC,EXC,EXC,EXC,EXC, ,EXC,EXC,EXC, ,EXC,EXC,EXC, , , , ,EXC,EXC, , , ,EXC, ,EXC,PASS,EXC,EXC,EXC,PASS,FAIL, ,FAIL, ,PASS,PASS,PASS,PASS,PASS, ,PASS,PASS,PASS,PASS,PASS,PASS,PASS,23,
144,FAIL,PASS,FAIL,PASS,FAIL,PASS,PASS,PASS, ,FAIL,PASS,PASS, ,PASS,PASS,PASS, , , , ,FAIL,FAIL, , , ,PASS, ,PASS,PASS,FAIL,PASS,FAIL,PASS,PASS, ,PASS, ,PASS,PASS,PASS,PASS,FAIL, ,FAIL,FAIL,FAIL,PASS,FAIL,PASS,PASS,13,
145,PASS,PASS,PASS,PASS,PASS,PASS,PASS,PASS, ,PASS,PASS,PASS, ,PASS,PASS,PASS, , , , ,PASS,PASS, , , ,PASS, ,PASS,PASS,PASS,PASS,PASS,PASS,PASS, ,PASS, ,PASS,PASS,PASS,PASS,PASS, ,PASS,PASS,PASS,PASS,PASS,PASS,PASS,0,
146,PASS,PASS,PASS,PASS,PASS,PASS,PASS,PASS, ,PASS,PASS,PASS, ,PASS,PASS,PASS, , , , ,PASS,FAIL, , , ,PASS, ,PASS,PASS,PASS,PASS,PASS,PASS,PASS, ,PASS, ,PASS,PASS,PASS,PASS,PASS, ,PASS,PASS,PASS,PASS,PASS,PASS,PASS,1,
147,FAIL,PASS,FAIL,PASS,FAIL,PASS,PASS,PASS, ,FAIL,PASS,PASS, ,PASS,PASS,PASS, , , , ,FAIL,FAIL, , , ,PASS, ,PASS,PASS,FAIL,PASS,FAIL,PASS,PASS, ,PASS, ,PASS,PASS,PASS,PASS,FAIL, ,FAIL,FAIL,FAIL,PASS,FAIL,PASS,PASS,13,
148,FAIL,PASS,FAIL,PASS,FAIL,PASS,PASS,PASS, ,FAIL,PASS,PASS, ,PASS,PASS,PASS, , , , ,FAIL,FAIL, , , ,PASS, ,PASS,PASS,FAIL,PASS,FAIL,PASS,PASS, ,PASS, ,PASS,PASS,PASS,PASS,FAIL, ,FAIL,FAIL,FAIL,PASS,FAIL,PASS,PASS,13,
149,PASS,PASS,PASS,PASS,PASS,PASS,PASS,PASS, ,PASS,PASS,PASS, ,PASS,PASS,PASS, , , , ,PASS,FAIL, , , ,PASS, ,PASS,PASS,PASS,PASS,PASS,PASS,PASS, ,PASS, ,PASS,PASS,PASS,PASS,PASS, ,PASS,PASS,PASS,PASS,PASS,EXC,PASS,2,
15, ,PASS, ,PASS, ,PASS,PASS,PASS, , ,PASS,PASS, ,PASS,PASS,PASS, , , , , , , , , ,PASS, ,PASS, , ,PASS,PASS, , , , , , , , , ,PASS,FAIL, ,FAIL,FAIL, ,FAIL,PASS, ,4,
150,FAIL,PASS,FAIL,PASS,FAIL,PASS,PASS,PASS, ,FAIL,PASS,PASS, ,PASS,PASS,PASS, , , , ,FAIL,FAIL, , , ,PASS, ,PASS,PASS,FAIL,PASS,FAIL,PASS,PASS, ,PASS, ,PASS,PASS,PASS,PASS,FAIL, ,FAIL,FAIL,FAIL,PASS,FAIL,PASS,PASS,13,
151, , ,PASS, ,PASS, , , , ,PASS, , , , , , , , , , ,PASS,PASS, , , , , , , , , , , , , , , , , , , , , , , , , , , ,PASS,0,
152, , , , , , , ,PASS, , , ,PASS, , , ,PASS, , , , , , , , , , , , , , , , , , , , , ,PASS, ,PASS, , , , , , , , , , ,0,
153, , , , , , , ,FAIL, , , ,FAIL, , , ,FAIL, , , , , , , , , , , , , , , , , , , , , ,FAIL, ,PASS, , , , , , , , , , ,4,
154, , , , , , , ,PASS, , , ,PASS, , , ,PASS, , , , , , , , , , , , , , , , , , , , , , , ,PASS, , , , , , , , , , ,0,
155, , , , , , , ,FAIL, , , ,FAIL, , , ,FAIL, , , , , , , , , , , , , , , , , , , , , ,FAIL, , , , , , , , , , , , ,4,
156, , , , , , , , , , , , , ,FAIL, , , , , , , , , , , ,EXC, ,FAIL, , ,FAIL, ,FAIL, , , , , , , ,PASS, , , , , , , , , ,5,
157, , , , , , , , , , , , , ,PASS, , , , , , , , , , , ,PASS, ,PASS, , ,PASS, ,PASS, , , , , , , ,PASS, , , , , , , , , ,0,
158, , , , , , , , , , , , , ,PASS, , , , , , , , , , , ,PASS, ,PASS, , ,PASS, , , , , , , , , ,PASS, , , , , , , , , ,0,
159, , , , , , , , , , , , , ,FAIL, , , , , , , , , , , ,EXC, ,FAIL, , ,FAIL, ,PASS, , , , , , , , , , , , , , , , , ,4,
16, ,PASS, ,PASS, ,PASS,PASS,PASS, , ,PASS,PASS, ,PASS,PASS,PASS, , , , , , , , , ,PASS, ,PASS, , ,PASS,PASS, , , , , , , , , ,PASS,FAIL, ,FAIL,FAIL, ,FAIL,PASS, ,4,
160, , , ,FAIL, , ,FAIL, , , ,FAIL, , , , , , , , , , , , , , , , , , , , , , , , ,FAIL, , , , , , , , , , ,PASS, , , ,4,
161, , , ,PASS, , ,PASS, , , ,PASS, , , , , , , , , , , , , , , , , , , , , , , , ,PASS, , , , , , , , , , ,PASS, , , ,0,
162, , , ,FAIL, , ,FAIL, , , ,FAIL, , , , , , , , , , , , , , , , , , , , , , , , ,FAIL, , , , , , , , , , ,PASS, , , ,4,
163, , , ,PASS, , ,PASS, , , ,PASS, , , , , , , , , , , , , , , , , , , , , , , , ,PASS, , , , , , , , , , ,PASS, , , ,0,
164, , , ,PASS, , ,PASS, , , ,PASS, , , , , , , , , , , , , , , , , , , , , , , , ,PASS, , , , , , , , , , ,PASS, , , ,0,
165, , , ,FAIL, , ,FAIL, , , ,FAIL, , , , , , , , , , , , , , , , , , , , , , , , ,FAIL, , , , , , , , , , ,PASS, , , ,4,
166, , , ,FAIL, , ,FAIL, , , ,FAIL, , , , , , , , , , , , , , , , , , , , , , , , ,FAIL, , , , , , , , , , ,PASS, , , ,4,
167, , , ,PASS, , ,PASS, , , ,PASS, , , , , , , , , , , , , , , , , , , , , , , , ,PASS, , , , , , , , , , ,PASS, , , ,0,
168, , , ,FAIL, , ,FAIL, , , ,FAIL, , , , , , , , , , , , , , , , , , , , , , , , ,FAIL, , , , , , , , , , ,PASS, , , ,4,
169, , , ,PASS, , ,PASS, , , ,PASS, , , , , , , , , , , , , , , , , , , , , , , , , , , , , , , , , , , ,PASS, , , ,0,
17, ,PASS, ,PASS, ,PASS,PASS,PASS, , ,PASS,PASS, ,PASS,PASS,PASS, , , , , , , , , ,PASS, ,PASS, , ,PASS,PASS, , , , , , , , , ,PASS,FAIL, ,PASS,PASS, ,PASS,PASS, ,1,
170, , , ,FAIL, , ,FAIL, , , ,FAIL, , , , , , , , , , , , , , , , , , , , , , , , ,FAIL, , , , , , , , , , , , , , ,4,
171, ,PASS, , , ,PASS, , , , , , , , ,PASS, , , , , , , , , , , , , , , , , , ,PASS, , , , ,PASS, , , , , , , , , , , ,0,
172, ,FAIL, , , ,FAIL, , , , , , , , ,FAIL, , , , , , , , , , , , , , , , , , ,PASS, , , , ,FAIL, , , , , , , , , , , ,4,
173, ,FAIL, , , ,FAIL, , , , , , , , ,FAIL, , , , , , , , , , , , , , , , , , ,PASS, , , , ,FAIL, , , , , , , , , , , ,4,
174, ,FAIL, , , ,FAIL, , , , , , , , ,FAIL, , , , , , , , , , , , , , , , , , ,PASS, , , , ,FAIL, , , , , , , , , , , ,4,
175, ,FAIL, , , ,FAIL, , , , , , , , ,FAIL, , , , , , , , , , , , , , , , , , ,PASS, , , , ,FAIL, , , , , , , , , , , ,4,
176, ,PASS, , , ,PASS, , , , , , , , ,PASS, , , , , , , , , , , , , , , , , , ,PASS, , , , ,PASS, , , , , , , , , , , ,0,
177, ,PASS, , , ,PASS, , , , , , , , ,PASS, , , , , , , , , , , , , , , , , , ,PASS, , , , ,PASS, , , , , , , , , , , ,0,
178, ,PASS, , , ,PASS, , , , , , , , ,PASS, , , , , , , , , , , , , , , , , , ,PASS, , , , ,PASS, , , , , , , , , , , ,0,
179, ,FAIL, , , ,FAIL, , , , , , , , ,FAIL, , , , , , , , , , , , , , , , , , ,PASS, , , , ,FAIL, , , , , , , , , , , ,4,
18, ,PASS, ,PASS, ,PASS,PASS,PASS, , ,PASS,PASS, ,PASS,PASS,PASS, , , , , , , , , ,PASS, ,PASS, , ,PASS,PASS, , , , , , , , , ,PASS,FAIL, ,FAIL,FAIL, ,FAIL,PASS, ,4,
180, ,PASS, , , ,PASS, , , , , , , , ,PASS, , , , , , , , , , , , , , , , , , ,PASS, , , , , , , , , , , , , , , , ,0,
181, ,EXC, , , ,EXC, , , , , , , , ,EXC, , , , , , , , , , , , , , , , , , , , , , , ,EXC, , , , , , , , , , , ,4,
182,FAIL,PASS,FAIL,PASS,FAIL,PASS,PASS,PASS, ,PASS,PASS,PASS, ,PASS,PASS,PASS, , , , ,PASS,PASS, , , ,PASS, ,PASS,PASS,EXC,PASS,PASS,PASS, , ,PASS, ,PASS,PASS, , ,PASS, ,PASS,PASS,FAIL, ,PASS,PASS, ,5,
183,FAIL,PASS,FAIL,PASS,FAIL,PASS,PASS,PASS, ,FAIL,PASS,PASS, ,PASS,PASS,PASS, , , , ,FAIL,FAIL, , , ,EXC, ,PASS,PASS,EXC,PASS,EXC,FAIL, , ,EXC, ,FAIL,EXC, , ,PASS, ,PASS,PASS,PASS, ,PASS,PASS, ,13,
184,FAIL,PASS,FAIL,PASS,FAIL,PASS,PASS,PASS, ,FAIL,PASS,PASS, ,PASS,PASS,PASS, , , , ,PASS,PASS, , , ,EXC, ,PASS,PASS,EXC,PASS,EXC,FAIL, , ,EXC, ,PASS,EXC, , ,PASS, ,PASS,PASS,PASS, ,PASS,PASS, ,10,
185,FAIL,PASS,FAIL,PASS,FAIL,PASS,PASS,PASS, ,FAIL,PASS,PASS, ,PASS,PASS,PASS, , , , ,PASS,PASS, , , ,EXC, ,PASS,PASS,EXC,PASS,EXC,PASS, , ,PASS, ,PASS,PASS, , ,PASS, ,PASS,PASS,PASS, ,PASS,PASS, ,7,
186,PASS,PASS,PASS,PASS,PASS,PASS,PASS,PASS, ,PASS,PASS,PASS, ,PASS,PASS,PASS, , , , ,PASS,PASS, , , ,EXC, ,PASS,PASS,PASS,PASS,EXC,FAIL, , ,FAIL, ,FAIL,PASS, , ,PASS, ,PASS,PASS,PASS, ,PASS,PASS, ,5,
187,FAIL,PASS,FAIL,PASS,FAIL,PASS,PASS,PASS, ,FAIL,PASS,PASS, ,PASS,PASS,PASS, , , , ,FAIL,FAIL, , , ,FAIL, ,PASS,PASS,FAIL,PASS,FAIL,PASS, , ,PASS, ,PASS,PASS, , ,FAIL, ,FAIL,FAIL,FAIL, ,FAIL,PASS, ,14,
188,PASS,PASS,PASS,PASS,PASS,PASS,PASS,PASS, ,PASS,PASS,PASS, ,PASS,PASS,PASS, , , , ,PASS,PASS, , , ,EXC, ,PASS,PASS,PASS,PASS,EXC,FAIL, , ,FAIL, ,FAIL,PASS, , ,PASS, ,PASS,PASS,PASS, ,PASS,PASS, ,5,
189,PASS,PASS,PASS,PASS,PASS,PASS,PASS,PASS, ,PASS,PASS,PASS, ,PASS,PASS,PASS, , , , ,PASS,PASS, , , ,EXC, ,PASS,PASS,PASS,PASS,EXC,FAIL, , ,FAIL, ,FAIL,PASS, , ,PASS, ,PASS,PASS,PASS, ,PASS,PASS, ,5,
19, ,PASS, ,PASS, ,PASS,PASS,PASS, , ,PASS,PASS, ,PASS,PASS,PASS, , , , , , , , , ,PASS, ,PASS, , ,PASS,PASS, , , , , , , , , ,PASS,FAIL, ,FAIL,FAIL, ,FAIL,PASS, ,4,
190,FAIL,PASS,FAIL,PASS,FAIL,PASS,PASS,PASS, ,FAIL,PASS,PASS, ,PASS,PASS,PASS, , , , ,FAIL,FAIL, , , ,FAIL, ,PASS,PASS,FAIL,PASS,FAIL,PASS, , ,PASS, ,PASS,PASS, , ,FAIL, ,FAIL,FAIL,FAIL, ,FAIL,PASS, ,14,
191,PASS,PASS,PASS,PASS,PASS,PASS,PASS,PASS, ,PASS,PASS,PASS, ,PASS,PASS,PASS, , , , ,PASS,PASS, , , ,PASS, ,PASS,PASS,PASS,PASS,PASS,PASS, , ,PASS, ,PASS,PASS, , ,PASS, ,PASS,PASS,PASS, ,PASS,PASS, ,0,
192,FAIL,PASS,FAIL,PASS,FAIL,PASS,PASS,PASS, ,FAIL,PASS,PASS, ,PASS,PASS,PASS, , , , ,PASS,PASS, , , ,EXC, ,PASS,PASS,EXC,PASS,EXC,FAIL, , ,EXC, ,FAIL,EXC, , ,PASS, ,PASS,PASS,PASS, ,PASS,PASS, ,11,
193,FAIL,PASS,FAIL,PASS,FAIL,PASS,PASS,PASS, ,FAIL,PASS,PASS, ,PASS,PASS,PASS, , , , ,FAIL,FAIL, , , ,FAIL, ,PASS,PASS,FAIL,PASS,FAIL,FAIL, , ,EXC, ,FAIL,EXC, , ,FAIL, ,FAIL,FAIL,FAIL, ,FAIL,PASS, ,18,
194,FAIL,PASS,FAIL,PASS,FAIL,PASS,PASS,PASS, ,FAIL,PASS,PASS, ,PASS,PASS,PASS, , , , ,FAIL,FAIL, , , ,FAIL, ,PASS,PASS,FAIL,PASS,FAIL,FAIL, , ,EXC, ,FAIL,EXC, , ,FAIL, ,FAIL,FAIL,FAIL, ,FAIL,PASS, ,18,
195,FAIL,PASS,FAIL,PASS,FAIL,PASS,PASS,PASS, ,FAIL,PASS,PASS, ,PASS,PASS,PASS, , , , ,PASS,PASS, , , ,EXC, ,PASS,PASS,EXC,PASS,EXC,FAIL, , ,EXC, ,FAIL,EXC, , ,EXC, ,EXC,EXC,EXC, ,EXC,EXC, ,17,
196,FAIL,PASS,FAIL,PASS,FAIL,PASS,PASS,PASS, ,FAIL,PASS,PASS, ,PASS,PASS,PASS, , , , ,FAIL,FAIL, , , ,FAIL, ,PASS,PASS,FAIL,PASS,FAIL,PASS, , ,PASS, ,PASS,PASS, , ,FAIL, ,FAIL,FAIL,FAIL, ,FAIL,PASS, ,14,
197,PASS, ,PASS, ,PASS, , , , ,PASS, , , , , , , , , , ,PASS, , , , , , , , ,PASS, , , , , , , , , , , , , ,PASS, , , , , , ,0,
198, , , , , , , ,FAIL, , , ,FAIL, , , ,FAIL, , , , , , , , , , , , , , , , , , , , , ,PASS, , , ,PASS, , , , , , , , ,3,
199, , , , , , , ,FAIL, , , ,FAIL, , , ,FAIL, , , , , , , , , , , , , , , , , , , , , ,FAIL, , , ,PASS, , , , , , , , ,4,
2,EXC,EXC,EXC,EXC,EXC,EXC,EXC,EXC,PASS,EXC,EXC,EXC,PASS,EXC,EXC,EXC,PASS, , , ,EXC,EXC,PASS,PASS,PASS, , ,EXC, ,EXC,EXC, , , ,PASS, ,PASS, , , , ,EXC, ,EXC,EXC,EXC, ,EXC, , ,24,
20, ,PASS, ,PASS, ,PASS,PASS,PASS, , ,PASS,PASS, ,PASS,PASS,PASS, , , , , , , , , ,PASS, ,PASS, , ,PASS,PASS, , , , , , , , , ,PASS,FAIL, ,FAIL,FAIL, ,FAIL,PASS, ,4,
200, , , , , , , ,FAIL, , , ,FAIL, , , ,FAIL, , , , , , , , , , , , , , , , , , , , , ,FAIL, , , ,PASS, , , , , , , , ,4,
201, , , , , , , , , , , , , ,FAIL, , , , , , , , , , , ,PASS, ,FAIL,PASS, ,FAIL,EXC,FAIL, , , , , , , , , , , , ,PASS, , , , ,5,
202, , , , , , , , , , , , , ,PASS, , , , , , , , , , , ,EXC, ,PASS,PASS, ,FAIL,EXC,PASS, , , , , , , , , , , , ,PASS, , , , ,3,
203, , , , , , , , , , , , , ,FAIL, , , , , , , , , , , ,EXC, ,FAIL,PASS, ,FAIL,EXC,PASS, , , , , , , , , , , , ,PASS, , , , ,5,
204, , , ,FAIL, , ,FAIL, , , ,FAIL, , , , , , , , , , , , , , , , , , , , , , , , ,FAIL, , , , , , , , , , , ,PASS, , ,4,
205, , , ,FAIL, , ,FAIL, , , ,FAIL, , , , , , , , , , , , , , , , , , , , , , , , ,PASS, , , , , , , , , , , ,PASS, , ,3,
206, , , ,FAIL, , ,FAIL, , , ,FAIL, , , , , , , , , , , , , , , , , , , , , , , , ,FAIL, , , , , , , , , , , ,PASS, , ,4,
207, , , ,PASS, , ,PASS, , , ,PASS, , , , , , , , , , , , , , , , , , , , , , , , ,PASS, , , , , , , , , , , ,PASS, , ,0,
208, , , ,FAIL, , ,FAIL, , , ,FAIL, , , , , , , , , , , , , , , , , , , , , , , , ,PASS, , , , , , , , , , , ,PASS, , ,3,
209, , , ,FAIL, , ,FAIL, , , ,FAIL, , , , , , , , , , , , , , , , , , , , , , , , ,FAIL, , , , , , , , , , , ,PASS, , ,4,
21,PASS,FAIL,PASS,FAIL,PASS,FAIL,FAIL,FAIL,PASS,PASS,FAIL,FAIL,PASS,FAIL,FAIL,FAIL,PASS,PASS,PASS,PASS,PASS,PASS,PASS,PASS,PASS,EXC,PASS,FAIL,PASS,PASS,FAIL,EXC,FAIL,PASS,PASS,FAIL,PASS,FAIL,FAIL,PASS,PASS,PASS,PASS,PASS,PASS,PASS,PASS,PASS,PASS,PASS,18,
210, , , ,FAIL, , ,FAIL, , , ,FAIL, , , , , , , , , , , , , , , , , , , , , , , , ,FAIL, , , , , , , , , , , ,PASS, , ,4,
211, , , ,FAIL, , ,FAIL, , , ,FAIL, , , , , , , , , , , , , , , , , , , , , , , , ,PASS, , , , , , , , , , , ,PASS, , ,3,
212, , , ,FAIL, , ,FAIL, , , ,FAIL, , , , , , , , , , , , , , , , , , , , , , , , ,FAIL, , , , , , , , , , , ,PASS, , ,4,
213, , , ,FAIL, , ,FAIL, , , ,FAIL, , , , , , , , , , , , , , , , , , , , , , , , ,FAIL, , , , , , , , , , , ,PASS, , ,4,
214, ,PASS, , , ,FAIL, , , , , , , , ,PASS, , , , , , , , , , , , , , , , , , , , , , , ,PASS, , , , , ,PASS, , , , , ,1,
215, ,FAIL, , , ,FAIL, , , , , , , , ,FAIL, , , , , , , , , , , , , , , , , , , , , , , ,FAIL, , , , , ,PASS, , , , , ,4,
216, ,FAIL, , , ,FAIL, , , , , , , , ,FAIL, , , , , , , , , , , , , , , , , , , , , , , ,FAIL, , , , , ,PASS, , , , , ,4,
217, ,FAIL, , , ,FAIL, , , , , , , , ,FAIL, , , , , , , , , , , , , , , , , , , , , , , ,FAIL, , , , , ,PASS, , , , , ,4,
218, ,FAIL, , , ,FAIL, , , , , , , , ,FAIL, , , , , , , , , , , , , , , , , , , , , , , ,FAIL, , , , , ,PASS, , , , , ,4,
219, ,PASS, , , ,FAIL, , , , , , , , ,PASS, , , , , , , , , , , , , , , , , , , , , , , ,PASS, , , , , ,PASS, , , , , ,1,
22,FAIL,PASS,FAIL,PASS,FAIL,PASS,PASS,PASS,FAIL,FAIL,PASS,PASS,FAIL,PASS,PASS,PASS,FAIL,PASS,PASS,PASS,FAIL,FAIL,FAIL,FAIL,FAIL,FAIL,PASS,PASS,FAIL,FAIL,PASS,FAIL,FAIL,FAIL,FAIL,FAIL,FAIL,FAIL,FAIL,FAIL,FAIL,FAIL,FAIL,FAIL,FAIL,FAIL,FAIL,FAIL,PASS,PASS,32,
220, ,PASS, , , ,PASS, , , , , , , , ,PASS, , , , , , , , , , , , , , , , , , , , , , , ,PASS, , , , , ,PASS, , , , , ,0,
221, ,PASS, , , ,FAIL, , , , , , , , ,PASS, , , , , , , , , , , , , , , , , , , , , , , ,PASS, , , , , ,PASS, , , , , ,1,
222, ,FAIL, , , ,FAIL, , , , , , , , ,FAIL, , , , , , , , , , , , , , , , , , , , , , , ,FAIL, , , , , ,PASS, , , , , ,4,
223, ,EXC, , , ,EXC, , , , , , , , ,EXC, , , , , , , , , , , , , , , , , , , , , , , ,EXC, , , , , ,EXC, , , , , ,5,
23,FAIL, ,FAIL, ,FAIL, , , ,FAIL,FAIL, , ,FAIL, , , ,FAIL, , , ,FAIL,FAIL,FAIL,FAIL,FAIL, , , , ,FAIL, , , , ,FAIL, ,FAIL, , , , , , ,FAIL, , , , , ,PASS,16,
24,FAIL,PASS,FAIL,PASS,FAIL,PASS,PASS,PASS,PASS,FAIL,PASS,PASS,PASS,PASS,PASS,PASS,PASS,PASS,PASS,PASS,FAIL,FAIL,FAIL,FAIL,FAIL,PASS,PASS,PASS,EXC,EXC,PASS,PASS,FAIL,FAIL,FAIL,FAIL,FAIL,FAIL,FAIL,FAIL,FAIL,FAIL,PASS,FAIL,FAIL,FAIL,FAIL,FAIL,EXC,PASS,27,
25,FAIL,PASS,FAIL,PASS,FAIL,PASS,PASS,PASS,EXC,FAIL,PASS,PASS,EXC,PASS,PASS,PASS,EXC,PASS,PASS,PASS,FAIL,FAIL,FAIL,FAIL,FAIL,EXC,PASS,PASS,EXC,EXC,PASS,EXC,FAIL,FAIL,FAIL,FAIL,PASS,FAIL,FAIL,FAIL,FAIL,FAIL,PASS,FAIL,FAIL,FAIL,FAIL,FAIL,EXC,PASS,31,
26,FAIL,FAIL,FAIL,PASS,FAIL,FAIL,PASS,PASS,FAIL,FAIL,PASS,PASS,FAIL,FAIL,FAIL,PASS,FAIL,FAIL,PASS,PASS,FAIL,FAIL,FAIL,FAIL,FAIL,TIME,FAIL,FAIL,FAIL,FAIL,FAIL,TIME,FAIL,FAIL,FAIL,FAIL,PASS,PASS,PASS,FAIL,FAIL,FAIL,FAIL,FAIL,FAIL,FAIL,FAIL,FAIL,PASS,PASS,37,
27,FAIL,PASS,FAIL,FAIL,FAIL,PASS,FAIL,FAIL,PASS,FAIL,FAIL,FAIL,PASS,PASS,PASS,FAIL,PASS,PASS,FAIL,FAIL,FAIL,FAIL,FAIL,FAIL,FAIL,FAIL,PASS,PASS,PASS,FAIL,PASS,FAIL,PASS,FAIL,FAIL,PASS,PASS,FAIL,FAIL,FAIL,FAIL,FAIL,PASS,FAIL,FAIL,FAIL,FAIL,FAIL,PASS,PASS,32,
28,PASS,PASS,PASS,PASS,PASS,PASS,PASS,PASS,PASS,PASS,PASS,PASS,PASS,PASS,PASS,PASS,PASS,PASS,PASS,PASS,PASS,PASS,PASS,PASS,PASS,PASS,PASS,PASS,PASS,PASS,PASS,PASS,PASS,PASS,PASS,PASS,FAIL,PASS,PASS,PASS,PASS,PASS,PASS,PASS,PASS,PASS,PASS,PASS,PASS,PASS,1,
29,PASS,PASS,PASS,PASS,PASS,PASS,PASS,PASS,FAIL,PASS,PASS,PASS,FAIL,PASS,PASS,PASS,FAIL,PASS,PASS,PASS,PASS,PASS,PASS,PASS,PASS,PASS,PASS,PASS,PASS,PASS,PASS,TIME,PASS,PASS,PASS,PASS,FAIL,PASS,PASS,PASS,PASS,PASS,PASS,PASS,PASS,PASS,PASS,PASS,PASS,PASS,5,
3, , , , , , , , , , , , , , , , , , , , , , , , , ,PASS, , ,PASS, , ,PASS, , , , , , , , , , ,PASS, , , , , , , ,0,
30,FAIL,FAIL,FAIL,PASS,FAIL,FAIL,PASS,PASS,FAIL,FAIL,PASS,PASS,FAIL,FAIL,FAIL,PASS,FAIL,FAIL,PASS,PASS,FAIL,FAIL,FAIL,FAIL,FAIL,TIME,FAIL,FAIL,FAIL,FAIL,FAIL,TIME,FAIL,FAIL,FAIL,FAIL,FAIL,PASS,PASS,FAIL,FAIL,FAIL,FAIL,FAIL,FAIL,FAIL,FAIL,FAIL,PASS,PASS,38,
31,PASS,FAIL,PASS,PASS,PASS,FAIL,PASS,PASS,FAIL,FAIL,PASS,PASS,FAIL,FAIL,FAIL,PASS,FAIL,FAIL,PASS,PASS,FAIL,FAIL,PASS,PASS,PASS,TIME,FAIL,FAIL,FAIL,FAIL,FAIL,TIME,PASS,PASS,FAIL,PASS,FAIL,PASS,PASS,PASS,PASS,PASS,FAIL,PASS,PASS,PASS,PASS,PASS,PASS,PASS,21,
32,PASS,FAIL,PASS,PASS,PASS,FAIL,PASS,PASS,FAIL,FAIL,PASS,PASS,FAIL,FAIL,FAIL,PASS,FAIL,FAIL,PASS,PASS,FAIL,FAIL,PASS,PASS,PASS,TIME,FAIL,FAIL,FAIL,FAIL,FAIL,TIME,PASS,PASS,FAIL,PASS,PASS,PASS,PASS,PASS,PASS,PASS,FAIL,PASS,PASS,PASS,PASS,PASS,PASS,PASS,20,
33,FAIL,PASS,FAIL,PASS,FAIL,PASS,PASS,PASS,PASS,FAIL,PASS,PASS,PASS,PASS,PASS,PASS,PASS,PASS,PASS,PASS,FAIL,FAIL,FAIL,FAIL,FAIL,PASS,PASS,PASS,FAIL,PASS,PASS,PASS,FAIL,FAIL,PASS,FAIL,FAIL,PASS,PASS,FAIL,FAIL,FAIL,PASS,FAIL,FAIL,FAIL,FAIL,FAIL,PASS,PASS,22,
34,FAIL,PASS,FAIL,PASS,FAIL,PASS,PASS,PASS,PASS,FAIL,PASS,PASS,PASS,PASS,PASS,PASS,PASS,PASS,PASS,PASS,FAIL,FAIL,FAIL,FAIL,FAIL,PASS,PASS,PASS,FAIL,PASS,PASS,PASS,FAIL,FAIL,PASS,FAIL,PASS,PASS,PASS,FAIL,FAIL,FAIL,PASS,FAIL,FAIL,FAIL,FAIL,FAIL,PASS,PASS,21,
35,PASS,PASS,PASS,PASS,PASS,PASS,PASS,PASS,PASS,PASS,PASS,PASS,PASS,PASS,PASS,PASS,PASS,PASS,PASS,PASS,PASS,PASS,PASS,PASS,PASS,PASS,PASS,PASS,PASS,PASS,PASS,PASS,PASS,PASS,PASS,PASS,FAIL,PASS,PASS,PASS,PASS,PASS,PASS,PASS,PASS,PASS,PASS,PASS,PASS,PASS,1,
36,FAIL,FAIL,FAIL,PASS,FAIL,FAIL,PASS,PASS,FAIL,FAIL,PASS,PASS,FAIL,FAIL,FAIL,PASS,FAIL,FAIL,PASS,PASS,FAIL,FAIL,FAIL,FAIL,FAIL,TIME,FAIL,FAIL,FAIL,FAIL,FAIL,TIME,FAIL,FAIL,FAIL,FAIL,PASS,PASS,PASS,FAIL,FAIL,FAIL,FAIL,FAIL,FAIL,FAIL,FAIL,FAIL,PASS,PASS,37,
37, , , , , , , , ,PASS, , , ,PASS, , , ,PASS, , , , , , , , , , , ,PASS, , , , , , , ,FAIL, , , , , , , , , , , , , ,1,
38,PASS,PASS,PASS,PASS,PASS,PASS,PASS,PASS,PASS,PASS,PASS,PASS,PASS,PASS,PASS,PASS,PASS,PASS,PASS,PASS,PASS,PASS,PASS,PASS,PASS,PASS,PASS,PASS,PASS,PASS,PASS,FAIL,PASS,PASS,PASS,PASS, ,PASS,PASS,PASS,PASS,PASS,PASS,PASS,PASS,PASS,PASS,PASS,PASS,PASS,1,
39,PASS,PASS,PASS,PASS,PASS,PASS,PASS,PASS,PASS,PASS,PASS,PASS,PASS,PASS,PASS,PASS,PASS,PASS,PASS,PASS,PASS,PASS,PASS,PASS,PASS,PASS,PASS,PASS,PASS,PASS,PASS,PASS,PASS,PASS,PASS,PASS, ,PASS,PASS,PASS,PASS,PASS,PASS,PASS,PASS,PASS,PASS,PASS,PASS,PASS,0,
4, , , , , , , , , , , , , , , , , , , , , , , , , ,EXC, , ,EXC, , ,EXC, , , , , , , , , , ,PASS, , , , , , , ,3,
40,FAIL,PASS,FAIL,FAIL,FAIL,PASS,FAIL,FAIL,PASS,FAIL,FAIL,FAIL,PASS,PASS,PASS,FAIL,PASS,PASS,FAIL,FAIL,FAIL,FAIL,FAIL,FAIL,FAIL,FAIL,PASS,PASS,PASS,FAIL,PASS,FAIL,PASS,FAIL,FAIL,PASS, ,FAIL,FAIL,FAIL,FAIL,FAIL,PASS,FAIL,FAIL,FAIL,FAIL,FAIL,PASS,PASS,32,
41,FAIL,PASS,FAIL,PASS,FAIL,PASS,PASS,PASS,PASS,FAIL,PASS,PASS,PASS,PASS,PASS,PASS,PASS,PASS,PASS,PASS,FAIL,FAIL,FAIL,FAIL,FAIL,PASS,PASS,PASS,PASS,PASS,PASS,PASS,PASS,FAIL,PASS,PASS, ,FAIL,FAIL,FAIL,FAIL,FAIL,PASS,FAIL,FAIL,FAIL,FAIL,FAIL,PASS,PASS,20,
42,FAIL,PASS,FAIL,PASS,FAIL,PASS,PASS,PASS,PASS,FAIL,PASS,PASS,PASS,PASS,PASS,PASS,PASS,PASS,PASS,PASS,FAIL,FAIL,FAIL,FAIL,FAIL,PASS,PASS,PASS,PASS,PASS,PASS,PASS,PASS,FAIL,PASS,PASS, ,FAIL,FAIL,FAIL,FAIL,FAIL,PASS,FAIL,FAIL,FAIL,FAIL,FAIL,PASS,PASS,20,
43,PASS,PASS,PASS,FAIL,PASS,PASS,FAIL,FAIL,PASS,FAIL,FAIL,FAIL,PASS,PASS,PASS,FAIL,PASS,PASS,FAIL,FAIL,FAIL,FAIL,FAIL,FAIL,FAIL,FAIL,PASS,PASS,PASS,FAIL,PASS,FAIL,PASS,PASS,FAIL,PASS, ,PASS,PASS,PASS,PASS,PASS,PASS,PASS,PASS,PASS,PASS,PASS,PASS,PASS,18,
44,PASS,PASS,PASS,FAIL,PASS,PASS,FAIL,FAIL,PASS,FAIL,FAIL,FAIL,PASS,PASS,PASS,FAIL,PASS,PASS,FAIL,FAIL,FAIL,FAIL,FAIL,FAIL,FAIL,FAIL,PASS,PASS,PASS,FAIL,PASS,FAIL,PASS,PASS,FAIL,PASS, ,PASS,PASS,PASS,PASS,PASS,PASS,PASS,PASS,PASS,PASS,PASS,PASS,PASS,18,
45,PASS,PASS,PASS,PASS,PASS,PASS,PASS,PASS,PASS,PASS,PASS,PASS,PASS,PASS,PASS,PASS,PASS,PASS,PASS,PASS,PASS,PASS,PASS,PASS,PASS,PASS,PASS,PASS,PASS,PASS,PASS,PASS,PASS,PASS,PASS,PASS, ,PASS,PASS,PASS,PASS,PASS,PASS,PASS,PASS,PASS,PASS,PASS,PASS,PASS,0,
46,FAIL,PASS,FAIL,FAIL,FAIL,PASS,FAIL,FAIL,PASS,FAIL,FAIL,FAIL,PASS,PASS,PASS,FAIL,PASS,PASS,FAIL,FAIL,FAIL,FAIL,FAIL,FAIL,FAIL,FAIL,PASS,PASS,PASS,FAIL,PASS,FAIL,PASS,FAIL,FAIL,PASS, ,FAIL,FAIL,FAIL,FAIL,FAIL,PASS,FAIL,FAIL,FAIL,FAIL,FAIL,PASS,PASS,32,
47, , , , , , , , ,PASS, , , ,PASS, , , ,PASS, , , , , , , , , , , , , , , , , , , , , , , , , ,PASS, , , , , , , ,0,
48,PASS,PASS,PASS,PASS,PASS,PASS,PASS,PASS, ,PASS,PASS,PASS, ,PASS,PASS,PASS, ,PASS,PASS,PASS,PASS,PASS,FAIL,FAIL,FAIL,PASS,PASS,PASS,PASS,PASS,PASS,PASS,PASS,PASS,PASS,PASS, ,PASS,PASS,PASS,PASS,PASS, ,PASS,PASS,PASS,PASS,PASS,PASS,PASS,3,
49,PASS,PASS,PASS,PASS,PASS,PASS,PASS,PASS, ,PASS,PASS,PASS, ,PASS,PASS,PASS, ,PASS,PASS,PASS,PASS,FAIL, , , ,PASS,PASS,PASS,PASS,PASS,PASS,PASS,PASS,PASS,PASS,PASS, ,PASS,PASS,PASS,PASS,PASS, ,PASS,PASS,PASS,PASS,PASS,PASS,PASS,1,
5, , , , , , , , , , , , , , , , , ,PASS,PASS,PASS, , , , , , ,PASS, , , , , ,PASS,PASS, ,PASS, ,PASS,PASS,PASS,PASS, , , , , ,PASS, ,PASS,PASS,0,
50,FAIL,PASS,FAIL,PASS,FAIL,PASS,PASS,PASS, ,FAIL,PASS,PASS, ,PASS,PASS,PASS, ,PASS,PASS,PASS,PASS,PASS, , , ,PASS,PASS,PASS,PASS,EXC,PASS,PASS,PASS,PASS,PASS,PASS, ,PASS,PASS,PASS,PASS,PASS, ,PASS,PASS,PASS,PASS,PASS,EXC,PASS,6,
51,PASS,PASS,PASS,PASS,PASS,PASS,PASS,PASS, ,PASS,PASS,PASS, ,PASS,PASS,PASS, ,PASS,PASS,PASS,PASS,PASS, , , ,EXC,PASS,PASS,PASS,PASS,PASS,EXC,FAIL,PASS,PASS,FAIL, ,FAIL,PASS,PASS,PASS,PASS, ,PASS,PASS,PASS,PASS,PASS,EXC,PASS,6,
52,PASS,PASS,PASS,PASS,PASS,PASS,PASS,FAIL, ,PASS,PASS,FAIL, ,FAIL,PASS,FAIL, ,PASS,PASS,PASS,PASS,PASS, , , ,EXC,PASS,FAIL,PASS,PASS,FAIL,EXC,FAIL,PASS,PASS,PASS, ,FAIL,PASS,FAIL,FAIL,PASS, ,PASS,PASS,PASS,PASS,PASS,PASS,PASS,12,
53,FAIL,EXC,FAIL,EXC,EXC,EXC,EXC,EXC, ,EXC,EXC,EXC, ,EXC,EXC,EXC, ,EXC,EXC,EXC,EXC,EXC, , , ,EXC,EXC,EXC,PASS,FAIL,EXC,EXC,FAIL,FAIL,PASS,PASS, ,PASS,PASS,FAIL,FAIL,FAIL, ,FAIL,FAIL,PASS,FAIL,PASS,PASS,PASS,33,
54,EXC,EXC,EXC,EXC,EXC,EXC,EXC,EXC, ,FAIL,EXC,EXC, ,EXC,EXC,EXC, ,EXC,EXC,EXC,FAIL,FAIL, , , ,EXC,EXC,EXC,EXC,EXC,EXC,EXC,FAIL,FAIL,PASS,PASS, ,PASS,PASS,FAIL,FAIL,PASS, ,PASS,PASS,PASS,FAIL,PASS,PASS,PASS,31,
55,EXC,EXC,EXC,EXC,EXC,EXC,EXC,EXC, ,EXC,EXC,EXC, ,EXC,EXC,EXC, ,EXC,EXC,EXC,EXC,EXC, , , ,EXC,EXC,EXC,EXC,EXC,EXC,EXC,FAIL,FAIL,PASS,FAIL, ,PASS,PASS,FAIL,FAIL,PASS, ,PASS,PASS,PASS,FAIL,PASS,PASS,PASS,32,
56,EXC,EXC,EXC,EXC,EXC,EXC,EXC,EXC, ,EXC,EXC,EXC, ,EXC,EXC,EXC, ,EXC,EXC,EXC,EXC,EXC, , , ,EXC,EXC,EXC,EXC,EXC,EXC,EXC,FAIL,FAIL,PASS,FAIL, ,FAIL,PASS,FAIL,PASS,PASS, ,PASS,PASS,PASS,PASS,PASS,PASS,PASS,31,
57,EXC,EXC,EXC,EXC,EXC,EXC,EXC,EXC, ,EXC,EXC,EXC, ,EXC,EXC,EXC, ,EXC,EXC,EXC,EXC,EXC, , , ,EXC,EXC,EXC,PASS,EXC,EXC,EXC,FAIL,FAIL,FAIL,FAIL, ,PASS,PASS,FAIL,PASS,PASS, ,PASS,PASS,PASS,PASS,PASS,PASS,PASS,30,
58,EXC,EXC,EXC,EXC,EXC,EXC,EXC,EXC, ,EXC,EXC,EXC, ,EXC,EXC,EXC, ,EXC,EXC,EXC,EXC,EXC, , , ,EXC,EXC,EXC,EXC,EXC,EXC,EXC,PASS,FAIL,PASS,PASS, ,FAIL,PASS,FAIL,FAIL,PASS, ,PASS,PASS,PASS,FAIL,PASS,PASS,PASS,31,
59,EXC,EXC,EXC,EXC,EXC,EXC,EXC,EXC, ,EXC,EXC,EXC, ,EXC,EXC,EXC, ,EXC,EXC,EXC,EXC,EXC, , , ,EXC,EXC,EXC,EXC,EXC,EXC,EXC,FAIL,FAIL,PASS,PASS, ,FAIL,PASS,FAIL,FAIL,PASS, ,PASS,PASS,PASS,FAIL,PASS,PASS,PASS,32,
6, , , , , , , , , , , , , , , , , ,PASS,PASS,PASS, , , , , , ,PASS, , , , , ,PASS,PASS, ,PASS, ,EXC,EXC,PASS,EXC, , , , , ,EXC, ,EXC,PASS,5,
60,EXC,EXC,EXC,EXC,EXC,EXC,EXC,EXC, ,EXC,EXC,EXC, ,PASS,PASS,EXC, ,EXC,EXC,EXC,FAIL,FAIL, , , ,EXC,EXC,EXC,PASS,PASS,EXC,EXC,PASS,FAIL,PASS,PASS, ,PASS,PASS,FAIL,PASS,PASS, ,PASS,PASS,PASS,PASS,PASS,PASS,PASS,24,
61,FAIL,PASS,FAIL,PASS,FAIL,PASS,PASS,FAIL, ,EXC,PASS,FAIL, ,FAIL,PASS,FAIL, ,EXC,EXC,EXC,EXC,EXC, , , ,EXC,FAIL,FAIL,EXC,EXC,FAIL,EXC,FAIL,FAIL,PASS,PASS, ,PASS,PASS,FAIL,FAIL,FAIL, ,FAIL,FAIL,PASS,FAIL,FAIL,PASS,PASS,29,
62,EXC,EXC,EXC,EXC,EXC,EXC,EXC,EXC, ,EXC,EXC,EXC, ,EXC,EXC,EXC, ,EXC,EXC,EXC,EXC,EXC, , , ,EXC,EXC,EXC,EXC,EXC,EXC,EXC,PASS,FAIL,PASS,PASS, ,PASS,PASS,FAIL,FAIL,PASS, ,PASS,PASS,PASS,FAIL,PASS,PASS,PASS,30,
63,EXC,EXC,EXC,EXC,EXC,EXC,EXC,EXC, ,EXC,EXC,EXC, ,EXC,EXC,EXC, ,EXC,EXC,EXC,FAIL,FAIL, , , ,EXC,EXC,EXC,PASS,EXC,EXC,EXC,PASS,FAIL,PASS,PASS, ,PASS,PASS,FAIL,FAIL,FAIL, ,FAIL,FAIL,FAIL,FAIL,FAIL,PASS,PASS,34,
64,EXC,EXC,EXC,EXC,EXC,EXC,EXC,EXC, ,EXC,EXC,EXC, ,EXC,EXC,EXC, ,EXC,EXC,EXC,EXC,EXC, , , ,EXC,EXC,EXC,EXC,EXC,EXC,EXC,PASS,FAIL,PASS,PASS, ,PASS,FAIL,FAIL,FAIL,PASS, ,PASS,PASS,PASS,FAIL,PASS,PASS,PASS,31,
65,FAIL,EXC,EXC,EXC,EXC,EXC,EXC,EXC, ,EXC,EXC,EXC, ,EXC,EXC,EXC, ,EXC,EXC,EXC,EXC,EXC, , , ,EXC,EXC,EXC,EXC,EXC,EXC,EXC,FAIL,FAIL,PASS,PASS, ,PASS,FAIL,FAIL,FAIL,PASS, ,FAIL,PASS,PASS,FAIL,PASS,PASS,PASS,33,
66,EXC,EXC,EXC,EXC,EXC,EXC,EXC,EXC, ,EXC,EXC,EXC, ,EXC,EXC,EXC, ,EXC,EXC,EXC,EXC,EXC, , , ,EXC,EXC,EXC,EXC,EXC,EXC,EXC,PASS,FAIL,PASS,FAIL, ,FAIL,EXC,FAIL,FAIL,PASS, ,PASS,PASS,PASS,FAIL,PASS,PASS,PASS,33,
67,EXC,EXC,EXC,EXC,EXC,EXC,EXC,EXC, ,FAIL,EXC,EXC, ,EXC,EXC,EXC, ,EXC,EXC,EXC,FAIL,FAIL, , , ,EXC,EXC,EXC,EXC,EXC,EXC,EXC,PASS,FAIL,PASS,FAIL, ,PASS,PASS,FAIL,FAIL,PASS, ,PASS,PASS,PASS,FAIL,PASS,PASS,PASS,31,
68,EXC,EXC,EXC,EXC,EXC,EXC,EXC,EXC, ,FAIL,EXC,EXC, ,EXC,EXC,EXC, ,EXC,EXC,EXC,FAIL,FAIL, , , ,EXC,EXC,EXC,EXC,EXC,EXC,EXC,FAIL,FAIL,PASS,FAIL, ,PASS,FAIL,FAIL,FAIL,PASS, ,PASS,PASS,PASS,FAIL,PASS,PASS,PASS,33,
69,EXC,EXC,EXC,EXC,FAIL,EXC,EXC,EXC, ,EXC,EXC,EXC, ,EXC,EXC,EXC, ,PASS,PASS,PASS,EXC,FAIL, , , ,EXC,PASS,EXC,EXC,FAIL,EXC,EXC,FAIL,FAIL,PASS,FAIL, ,FAIL,FAIL,FAIL,EXC,PASS, ,PASS,PASS,PASS,EXC,PASS,EXC,PASS,31,
7, ,PASS, ,PASS, ,PASS,PASS,PASS, , ,PASS,PASS, ,PASS,PASS,PASS, , , , , , , , , ,PASS, ,PASS, , ,PASS,PASS, , , , , , , , , ,PASS,FAIL, ,FAIL,FAIL, ,FAIL,PASS, ,4,
70,EXC,EXC,EXC,EXC,FAIL,EXC,EXC,EXC, ,FAIL,EXC,EXC, ,EXC,EXC,EXC, ,PASS,PASS,PASS,FAIL,FAIL, , , ,EXC,PASS,EXC,EXC,EXC,EXC,EXC,FAIL,FAIL,PASS,PASS, ,PASS,FAIL,FAIL,EXC,PASS, ,PASS,PASS,PASS,EXC,PASS,PASS,PASS,28,
71,EXC,EXC,EXC,EXC,EXC,EXC,EXC,EXC, ,EXC,EXC,EXC, ,EXC,EXC,EXC, ,EXC,EXC,EXC,EXC,EXC, , , ,EXC,EXC,EXC,EXC,EXC,EXC,EXC,PASS,FAIL,PASS,PASS, ,FAIL,PASS,FAIL,FAIL,FAIL, ,PASS,FAIL,FAIL,FAIL,FAIL,PASS,PASS,35,
72,FAIL,PASS,FAIL,EXC,EXC,PASS,EXC,EXC, ,FAIL,EXC,EXC, ,EXC,EXC,EXC, ,EXC,EXC,EXC,FAIL,FAIL, , , ,EXC,EXC,PASS,EXC,EXC,PASS,EXC,FAIL,FAIL,FAIL,FAIL, ,PASS,PASS,FAIL,FAIL,FAIL, ,PASS,FAIL,PASS,FAIL,PASS,PASS,PASS,31,
73,FAIL,FAIL,FAIL,FAIL,FAIL,FAIL,FAIL,FAIL, ,FAIL,FAIL,FAIL, ,FAIL,FAIL,FAIL, ,PASS,PASS,PASS,FAIL,FAIL, , , ,EXC,PASS,FAIL,PASS,FAIL,FAIL,FAIL,FAIL,PASS,PASS,FAIL, ,FAIL,FAIL,PASS,PASS,FAIL, ,FAIL,FAIL,FAIL,PASS,FAIL,PASS,PASS,30,
74,PASS,PASS,PASS,PASS,PASS,PASS,PASS,PASS, ,PASS,PASS,PASS, ,PASS,PASS,PASS, ,PASS,PASS,EXC,PASS,PASS, , , ,EXC,PASS,PASS,PASS,PASS,PASS,FAIL,PASS,PASS,PASS,PASS, ,PASS,PASS,PASS,PASS,PASS, ,PASS,PASS,PASS,PASS,PASS,PASS,PASS,3,
75,PASS,PASS,PASS,PASS,PASS,PASS,PASS,PASS, ,PASS,PASS,PASS, ,PASS,PASS,PASS, ,PASS,PASS,EXC,PASS,PASS, , , ,EXC,PASS,PASS,PASS,PASS,PASS,EXC,PASS,PASS,PASS,PASS, ,PASS,PASS,PASS,PASS,PASS, ,PASS,PASS,PASS,PASS,PASS,PASS,PASS,3,
76,FAIL,FAIL,FAIL,FAIL,FAIL,FAIL,FAIL,FAIL, ,FAIL,FAIL,FAIL, ,FAIL,FAIL,FAIL, ,PASS,PASS,PASS,FAIL,FAIL, , , ,EXC,PASS,FAIL,PASS,FAIL,FAIL,FAIL,FAIL,PASS,PASS,FAIL, ,FAIL,FAIL,PASS,PASS,FAIL, ,FAIL,FAIL,FAIL,PASS,FAIL,PASS,PASS,30,
77,FAIL,FAIL,FAIL,PASS,FAIL,FAIL,PASS,PASS, ,FAIL,PASS,PASS, ,FAIL,FAIL,PASS, ,PASS,PASS,EXC,FAIL,FAIL, , , ,EXC,PASS,FAIL,PASS,FAIL,FAIL,EXC,PASS,PASS,PASS,PASS, ,FAIL,FAIL,PASS,PASS,FAIL, ,FAIL,FAIL,FAIL,PASS,FAIL,PASS,PASS,23,
78,FAIL,FAIL,FAIL,PASS,FAIL,FAIL,PASS,PASS, ,FAIL,PASS,PASS, ,FAIL,FAIL,PASS, ,PASS,PASS,PASS,FAIL,FAIL, , , ,EXC,PASS,FAIL,PASS,FAIL,FAIL,EXC,PASS,PASS,PASS,PASS, ,FAIL,FAIL,PASS,PASS,FAIL, ,FAIL,FAIL,FAIL,PASS,FAIL,PASS,PASS,22,
79,FAIL,PASS,FAIL,FAIL,FAIL,PASS,FAIL,FAIL, ,FAIL,FAIL,FAIL, ,PASS,PASS,FAIL, ,PASS,PASS,EXC,FAIL,FAIL, , , ,EXC,PASS,PASS,PASS,PASS,PASS,FAIL,FAIL,PASS,PASS,FAIL, ,PASS,PASS,PASS,PASS,FAIL, ,FAIL,FAIL,FAIL,PASS,FAIL,PASS,PASS,22,
8, ,PASS, ,PASS, ,PASS,PASS,PASS, , ,PASS,PASS, ,PASS,PASS,PASS, , , , , , , , , ,PASS, ,PASS, , ,PASS,PASS, , , , , , , , , ,PASS,FAIL, ,FAIL,FAIL, ,FAIL,PASS, ,4,
80,FAIL,PASS,FAIL,FAIL,FAIL,PASS,FAIL,FAIL, ,FAIL,FAIL,FAIL, ,PASS,PASS,FAIL, ,PASS,PASS,PASS,FAIL,FAIL, , , ,PASS,PASS,PASS,PASS,PASS,PASS,FAIL,FAIL,PASS,PASS,FAIL, ,PASS,PASS,PASS,PASS,FAIL, ,FAIL,FAIL,FAIL,PASS,FAIL,PASS,PASS,20,
81,PASS,PASS,PASS,PASS,PASS,PASS,PASS,PASS, ,PASS,PASS,PASS, ,PASS,PASS,PASS, ,PASS,PASS,EXC,PASS,PASS, , , ,EXC,PASS,PASS,PASS,PASS,PASS,PASS,PASS,PASS,PASS,PASS, ,PASS,PASS,PASS,PASS,PASS, ,PASS,PASS,PASS,PASS,PASS,PASS,PASS,2,
82,FAIL,FAIL,FAIL,FAIL,FAIL,FAIL,FAIL,FAIL, ,FAIL,FAIL,FAIL, ,FAIL,FAIL,FAIL, ,PASS,PASS,PASS,FAIL,FAIL, , , ,EXC,PASS,FAIL,PASS,FAIL,FAIL,FAIL,FAIL,PASS,PASS,FAIL, ,FAIL,FAIL,PASS,PASS,FAIL, ,FAIL,FAIL,FAIL,PASS,FAIL,PASS,PASS,30,
83, , , , , , , , , ,PASS, , , , , , , ,PASS,PASS,EXC,PASS, , , , ,EXC,PASS, ,PASS, , , , , ,PASS, , , , , , , , , , , , , , , ,2,
84,FAIL,FAIL,PASS,PASS,PASS,PASS,PASS,FAIL, ,FAIL,PASS,FAIL, ,FAIL,PASS,FAIL, , , , ,FAIL,FAIL, , , ,EXC, ,FAIL,PASS,FAIL,FAIL,EXC,PASS,PASS, ,PASS, ,FAIL,FAIL,PASS,FAIL,FAIL, ,FAIL,FAIL,FAIL,PASS,FAIL,EXC,PASS,23,
85,FAIL,FAIL,PASS,EXC,PASS,PASS,FAIL,FAIL, ,FAIL,PASS,FAIL, ,FAIL,EXC,FAIL, , , , ,FAIL,FAIL, , , ,EXC, ,FAIL,PASS,EXC,FAIL,EXC,PASS,PASS, ,PASS, ,FAIL,FAIL,PASS,FAIL,FAIL, ,FAIL,FAIL,FAIL,PASS,FAIL,PASS,PASS,25,
86,FAIL,FAIL,PASS,PASS,PASS,PASS,PASS,FAIL, ,FAIL,PASS,FAIL, ,FAIL,PASS,FAIL, , , , ,FAIL,FAIL, , , ,EXC, ,FAIL,PASS,FAIL,FAIL,EXC,PASS,PASS, ,PASS, ,PASS,PASS,PASS,PASS,FAIL, ,FAIL,FAIL,FAIL,PASS,FAIL,PASS,PASS,19,
87,PASS,PASS,PASS,PASS,PASS,PASS,PASS,PASS, ,PASS,PASS,PASS, ,PASS,PASS,PASS, , , , ,PASS,PASS, , , ,PASS, ,PASS,PASS,PASS,PASS,PASS,PASS,PASS, ,PASS, ,PASS,PASS,PASS,PASS,PASS, ,PASS,PASS,PASS,PASS,PASS,PASS,PASS,0,
88,PASS,PASS,PASS,FAIL,PASS,PASS,FAIL,FAIL, ,FAIL,FAIL,FAIL, ,FAIL,PASS,FAIL, , , , ,FAIL,FAIL, , , ,EXC, ,FAIL,PASS,FAIL,FAIL,PASS,PASS,PASS, ,PASS, ,PASS,FAIL,PASS,FAIL,FAIL, ,FAIL,FAIL,FAIL,PASS,PASS,PASS,PASS,20,
89,FAIL,FAIL,FAIL,EXC,FAIL,FAIL,PASS,PASS, ,FAIL,PASS,PASS, ,EXC,EXC,EXC, , , , ,FAIL,FAIL, , , ,EXC, ,FAIL,PASS,PASS,FAIL,EXC,PASS,PASS, ,FAIL, ,PASS,PASS,PASS,PASS,FAIL, ,FAIL,FAIL,FAIL,PASS,FAIL,PASS,PASS,22,
9, ,PASS, ,PASS, ,PASS,PASS,PASS, , ,PASS,PASS, ,PASS,PASS,PASS, , , , , , , , , ,PASS, ,PASS, , ,PASS,PASS, , , , , , , , , ,PASS,FAIL, ,FAIL,FAIL, ,FAIL,PASS, ,4,
90,PASS,PASS,PASS,FAIL,PASS,PASS,FAIL,FAIL, ,FAIL,FAIL,FAIL, ,FAIL,PASS,FAIL, , , , ,FAIL,FAIL, , , ,EXC, ,FAIL,PASS,FAIL,FAIL,EXC,PASS,PASS, ,PASS, ,FAIL,FAIL,PASS,FAIL,FAIL, ,FAIL,FAIL,FAIL,PASS,FAIL,PASS,PASS,23,
91,PASS,PASS,PASS,PASS,PASS,PASS,PASS,PASS, ,PASS,PASS,PASS, ,PASS,PASS,PASS, , , , ,PASS,PASS, , , ,PASS, ,PASS,PASS,PASS,PASS,PASS,PASS,PASS, ,PASS, ,PASS,PASS,PASS,PASS,PASS, ,PASS,PASS,PASS,PASS,PASS,PASS,PASS,0,
92,FAIL,FAIL,FAIL,EXC,FAIL,FAIL,PASS,PASS, ,FAIL,PASS,FAIL, ,EXC,EXC,EXC, , , , ,FAIL,FAIL, , , ,EXC, ,FAIL,PASS,EXC,FAIL,EXC,FAIL,PASS, ,FAIL, ,PASS,PASS,FAIL,PASS,FAIL, ,FAIL,FAIL,FAIL,PASS,FAIL,PASS,PASS,26,
93,EXC,FAIL,FAIL,EXC,FAIL,EXC,EXC,EXC, ,FAIL,FAIL,FAIL, ,EXC,EXC,EXC, , , , ,FAIL,FAIL, , , ,EXC, ,FAIL,PASS,EXC,EXC,EXC,FAIL,PASS, ,FAIL, ,FAIL,FAIL,FAIL,FAIL,FAIL, ,FAIL,FAIL,FAIL,PASS,FAIL,PASS,PASS,32,
94,EXC,FAIL,FAIL,EXC,FAIL,EXC,EXC,EXC, ,FAIL,FAIL,FAIL, ,EXC,EXC,EXC, , , , ,FAIL,FAIL, , , ,EXC, ,FAIL,PASS,EXC,EXC,EXC,FAIL,PASS, ,FAIL, ,FAIL,FAIL,FAIL,FAIL,FAIL, ,FAIL,FAIL,FAIL,PASS,FAIL,PASS,PASS,32,
95,FAIL,FAIL,FAIL,EXC,FAIL,FAIL,PASS,PASS, ,FAIL,PASS,PASS, ,EXC,EXC,EXC, , , , ,FAIL,FAIL, , , ,EXC, ,FAIL,PASS,EXC,FAIL,EXC,FAIL,PASS, ,FAIL, ,PASS,PASS,FAIL,PASS,FAIL, ,FAIL,FAIL,FAIL,PASS,FAIL,PASS,PASS,25,
96,PASS,PASS,PASS,FAIL,PASS,PASS,FAIL,FAIL, ,FAIL,FAIL,FAIL, ,FAIL,PASS,FAIL, , , , ,FAIL,FAIL, , , ,EXC, ,FAIL,PASS,FAIL,FAIL,EXC,PASS,PASS, ,PASS, ,FAIL,FAIL,PASS,FAIL,FAIL, ,FAIL,FAIL,FAIL,PASS,FAIL,PASS,PASS,23,
97,FAIL,FAIL,FAIL,PASS,FAIL,FAIL,PASS,PASS, ,FAIL,PASS,PASS, ,FAIL,FAIL,PASS, , , , ,FAIL,FAIL, , , ,TIME, ,FAIL,FAIL,EXC,FAIL,TIME,FAIL,PASS, ,FAIL, , , ,PASS, ,FAIL, ,FAIL,FAIL,FAIL, ,FAIL,PASS,PASS,23,
98,EXC,EXC,EXC,EXC,EXC,EXC,EXC,EXC, ,EXC,EXC,EXC, ,EXC,EXC,EXC, , , , ,EXC,EXC, , , ,EXC, ,EXC,PASS,EXC,EXC,EXC,PASS,PASS, ,PASS, , , ,PASS, ,PASS, ,PASS,PASS,PASS, ,PASS,PASS,PASS,21,
99,PASS,PASS,PASS,PASS,PASS,PASS,PASS,FAIL, ,PASS,PASS,FAIL, ,FAIL,PASS,FAIL, , , , ,PASS,PASS, , , ,EXC, ,FAIL,PASS,PASS,FAIL,EXC,FAIL,PASS, ,PASS, , , ,FAIL, ,PASS, ,PASS,PASS,PASS, ,PASS,PASS,PASS,10,
