Mutant,org.apache.commons.math.stat.correlation.PearsonsCorrelationTest[testPValueNearZero],org.apache.commons.math.stat.correlation.PearsonsCorrelationTest[testConstant],org.apache.commons.math.stat.correlation.SpearmansRankCorrelationTest[testConstant],org.apache.commons.math.stat.correlation.SpearmansRankCorrelationTest[testPValueNearZero],org.apache.commons.math.stat.correlation.PearsonsCorrelationTest[testConsistency],org.apache.commons.math.stat.correlation.PearsonsCorrelationTest[testSwissFertility],org.apache.commons.math.stat.correlation.SpearmansRankCorrelationTest[testLongly],org.apache.commons.math.stat.correlation.PearsonsCorrelationTest[testLongly],org.apache.commons.math.stat.correlation.SpearmansRankCorrelationTest[testConsistency],org.apache.commons.math.stat.correlation.SpearmansRankCorrelationTest[testSwissFertility],org.apache.commons.math.stat.correlation.SpearmansRankCorrelationTest[testSwiss],org.apache.commons.math.stat.correlation.PearsonsCorrelationTest[testStdErrorConsistency],org.apache.commons.math.stat.correlation.PearsonsCorrelationTest[testCovarianceConsistency],org.apache.commons.math.stat.correlation.PearsonsCorrelationTest[testInsufficientData],org.apache.commons.math.stat.correlation.SpearmansRankCorrelationTest[testInsufficientData],org.apache.commons.math.stat.correlation.PearsonsCorrelation_ESTest[test9],org.apache.commons.math.stat.correlation.PearsonsCorrelation_ESTest[test1],org.apache.commons.math.stat.correlation.PearsonsCorrelation_ESTest[test7],org.apache.commons.math.stat.correlation.PearsonsCorrelation_ESTest[test4],org.apache.commons.math.stat.correlation.PearsonsCorrelation_ESTest[test3],org.apache.commons.math.stat.correlation.PearsonsCorrelation_ESTest[test5],org.apache.commons.math.stat.correlation.PearsonsCorrelation_ESTest[test2],org.apache.commons.math.stat.correlation.PearsonsCorrelation_ESTest[test6],org.apache.commons.math.stat.correlation.PearsonsCorrelation_ESTest[test8],org.apache.commons.math.stat.correlation.PearsonsCorrelation_ESTest[test0],Total,Equiv?
1, ,PASS,PASS, ,PASS, , , ,PASS, , , , ,PASS, , ,PASS,PASS, , , , , , ,PASS,0,
10, , , , , , , , , , , , , , , , , , ,PASS, , , , , , ,0,
100,PASS, , ,PASS, ,FAIL, ,FAIL, ,FAIL, ,FAIL,PASS, , , , , , , , , ,PASS, , ,4,
101,PASS, , ,PASS, ,FAIL, ,FAIL, ,FAIL, ,FAIL,PASS, , , , , , , , , ,PASS, , ,4,
102,FAIL, , ,FAIL, ,PASS, ,PASS, ,PASS, ,FAIL,PASS, , , , , , , , , ,PASS, , ,3,
103,FAIL, , ,FAIL, ,PASS, ,PASS, ,PASS, ,FAIL,PASS, , , , , , , , , ,PASS, , ,3,
104,PASS, , ,PASS, ,FAIL, ,FAIL, ,FAIL, ,FAIL,PASS, , , , , , , , , ,PASS, , ,4,
105,FAIL, , ,FAIL, ,PASS, ,PASS, ,PASS, ,FAIL,PASS, , , , , , , , , ,PASS, , ,3,
106,PASS, , ,PASS, ,FAIL, ,FAIL, ,FAIL, ,FAIL,PASS, , , , , , , , , ,PASS, , ,4,
107,FAIL, , ,FAIL, ,FAIL, ,FAIL, ,FAIL, ,FAIL,PASS, , , , , , , , , ,PASS, , ,6,
108,PASS, , ,PASS, ,FAIL, ,FAIL, ,FAIL, ,FAIL,PASS, , , , , , , , , ,PASS, , ,4,
109,PASS, , ,PASS, ,FAIL, ,FAIL, ,FAIL, ,FAIL,PASS, , , , , , , , , ,PASS, , ,4,
11, , , , , , , , , , , , ,EXC, , , , , , ,PASS, , , , , ,1,
110,PASS, , ,PASS, ,FAIL, ,FAIL, ,FAIL, ,FAIL,PASS, , , , , , , , , ,PASS, , ,4,
111,PASS, , ,PASS, ,FAIL, ,FAIL, ,FAIL, ,FAIL,PASS, , , , , , , , , ,PASS, , ,4,
112,PASS, , ,PASS, ,FAIL, ,FAIL, ,FAIL, ,FAIL,FAIL, , , , , , , , , ,PASS, , ,5,
113,PASS, , ,PASS, ,FAIL, ,FAIL, ,FAIL, ,FAIL,PASS, , , , , , , , , ,PASS, , ,4,
114,PASS, , ,PASS, ,FAIL, ,FAIL, ,FAIL, ,FAIL,PASS, , , , , , , , , ,PASS, , ,4,
115,PASS, , ,PASS, ,FAIL, ,FAIL, ,FAIL, ,FAIL,PASS, , , , , , , , , ,PASS, , ,4,
116,PASS, , ,PASS, ,FAIL, ,FAIL, ,FAIL, ,FAIL,PASS, , , , , , , , , ,PASS, , ,4,
117,PASS, , ,PASS, ,FAIL, ,FAIL, ,FAIL, ,FAIL,PASS, , , , , , , , , ,PASS, , ,4,
118,PASS, , ,PASS, ,FAIL, ,FAIL, ,FAIL, ,FAIL,PASS, , , , , , , , , ,PASS, , ,4,
119,PASS, , ,PASS, ,FAIL, ,FAIL, ,FAIL, ,FAIL,PASS, , , , , , , , , ,PASS, , ,4,
12, , , , , , , , , , , , ,FAIL, , , , , , ,PASS, , , , , ,1,
120,FAIL, , ,FAIL, ,FAIL, ,FAIL, ,FAIL, ,FAIL,PASS, , , , , , , , , ,PASS, , ,6,
121,FAIL, , ,FAIL, ,FAIL, ,FAIL, ,FAIL, ,FAIL,PASS, , , , , , , , , ,PASS, , ,6,
122,PASS, , ,PASS, ,FAIL, ,FAIL, ,FAIL, ,FAIL,PASS, , , , , , , , , ,PASS, , ,4,
123,PASS, , ,PASS, ,FAIL, ,FAIL, ,FAIL, ,FAIL,FAIL, , , , , , , , , ,PASS, , ,5,
124,PASS, , ,PASS, ,FAIL, ,FAIL, ,FAIL, ,FAIL,PASS, , , , , , , , , ,PASS, , ,4,
125,PASS, , ,PASS, ,FAIL, ,FAIL, ,FAIL, ,FAIL,PASS, , , , , , , , , ,PASS, , ,4,
126,PASS, , ,PASS, ,FAIL, ,FAIL, ,FAIL, ,FAIL,FAIL, , , , , , , , , ,PASS, , ,5,
127,FAIL, , ,FAIL, ,FAIL, ,FAIL, ,FAIL, ,FAIL,PASS, , , , , , , , , ,FAIL, , ,7,
128,EXC, , ,EXC, ,FAIL, ,FAIL, ,FAIL, ,EXC,FAIL, , , , , , , , , ,EXC, , ,8,
129,EXC, , ,EXC,EXC,EXC,EXC,EXC,EXC,EXC,EXC,EXC,EXC, , , ,PASS, , , ,EXC,EXC, , , ,13,
13, , , , , , , , , , , , ,EXC, , , , , , , , , ,EXC, , ,2,
130,EXC, , ,EXC,EXC,EXC,EXC,EXC,EXC,EXC,EXC,EXC,EXC, , , ,EXC, , , ,EXC,EXC, , , ,14,
131,PASS, , ,PASS,PASS,FAIL,FAIL,FAIL,PASS,FAIL,FAIL,PASS,FAIL, , , ,PASS, , , ,PASS,PASS, , , ,6,
132,EXC, , ,EXC,EXC,EXC,EXC,EXC,EXC,EXC,EXC,EXC,EXC, , , ,EXC, , , ,EXC,EXC, , , ,14,
133,PASS, , ,PASS,PASS,PASS,PASS,PASS,PASS,PASS,PASS,PASS,PASS, , , ,PASS, , , ,PASS,PASS, , , ,0,
134,EXC, , ,EXC,EXC,EXC,EXC,EXC,EXC,EXC,EXC,EXC,EXC, , , ,PASS, , , ,EXC,EXC, , , ,13,
135,PASS, , ,PASS,FAIL,FAIL,FAIL,FAIL,FAIL,FAIL,FAIL,PASS,FAIL, , , ,FAIL, , , ,FAIL,PASS, , , ,10,
136,PASS, , ,PASS,FAIL,FAIL,FAIL,FAIL,FAIL,FAIL,FAIL,PASS,FAIL, , , ,FAIL, , , ,FAIL,PASS, , , ,10,
137,PASS, , ,PASS,FAIL,FAIL,FAIL,FAIL,FAIL,FAIL,FAIL,PASS,FAIL, , , ,FAIL, , , ,FAIL,PASS, , , ,10,
138,PASS, , ,PASS,FAIL,FAIL,FAIL,FAIL,FAIL,FAIL,FAIL,PASS,FAIL, , , ,FAIL, , , ,FAIL,PASS, , , ,10,
139,EXC, , ,EXC,EXC,EXC,EXC,EXC,EXC,EXC,EXC,EXC,EXC, , , ,PASS, , , ,EXC,EXC, , , ,13,
14, , , , , , , , , , , , ,FAIL, , , , , , , , , ,EXC, , ,2,
140,PASS, , ,PASS,FAIL,FAIL,FAIL,FAIL,FAIL,FAIL,FAIL,PASS,FAIL, , , ,PASS, , , ,PASS,PASS, , , ,8,
141,EXC, , ,EXC,EXC,EXC,EXC,EXC,EXC,EXC,EXC,EXC,EXC, , , ,EXC, , , ,EXC,EXC, , , ,14,
142,PASS, , ,PASS,PASS,PASS,PASS,PASS,PASS,PASS,PASS,PASS,PASS, , , ,PASS, , , ,PASS,PASS, , , ,0,
143,PASS, , ,PASS,PASS,PASS,PASS,PASS,PASS,PASS,PASS,PASS,PASS, , , ,PASS, , , ,PASS,PASS, , , ,0,
144,PASS, , ,PASS,FAIL,FAIL,FAIL,FAIL,FAIL,FAIL,FAIL,PASS,FAIL, , , ,PASS, , , ,FAIL,PASS, , , ,9,
145,PASS, , ,PASS,FAIL,FAIL,FAIL,FAIL,FAIL,FAIL,FAIL,PASS,FAIL, , , ,FAIL, , , ,FAIL,PASS, , , ,10,
146,EXC, , ,EXC,EXC,EXC,EXC,EXC,EXC,EXC,EXC,EXC,EXC, , , ,PASS, , , ,EXC,EXC, , , ,13,
147,PASS, , ,PASS,FAIL,FAIL,FAIL,FAIL,FAIL,FAIL,FAIL,PASS,FAIL, , , ,FAIL, , , ,FAIL,PASS, , , ,10,
148,EXC, , ,EXC,EXC,EXC,EXC,EXC,EXC,EXC,EXC,EXC,EXC, , , ,PASS, , , ,EXC,EXC, , , ,13,
149,PASS, , ,PASS,FAIL,FAIL,FAIL,FAIL,FAIL,FAIL,FAIL,PASS,FAIL, , , ,FAIL, , , ,FAIL,PASS, , , ,10,
15, , , , ,EXC,FAIL,FAIL,FAIL,EXC,FAIL,FAIL,EXC,FAIL, , , , , , , , , , , ,PASS,9,
150,PASS, , ,PASS,PASS,FAIL,FAIL,FAIL,PASS,FAIL,FAIL,PASS,FAIL, , , , , , , ,PASS,PASS, , , ,6,
151,PASS, , ,PASS,FAIL,FAIL,FAIL,FAIL,FAIL,FAIL,FAIL,PASS,FAIL, , , , , , , ,PASS,PASS, , , ,8,
152,PASS, , ,PASS,PASS,FAIL,FAIL,FAIL,PASS,FAIL,FAIL,PASS,FAIL, , , ,PASS, , , ,PASS,PASS, , , ,6,
153,PASS, , ,PASS,PASS,FAIL,FAIL,FAIL,PASS,FAIL,FAIL,PASS,FAIL, , , ,PASS, , , ,PASS,PASS, , , ,6,
154,PASS, , ,PASS,PASS,FAIL,FAIL,FAIL,PASS,FAIL,FAIL,PASS,FAIL, , , ,PASS, , , ,PASS,PASS, , , ,6,
155,EXC, , ,EXC,EXC,FAIL,FAIL,FAIL,EXC,FAIL,FAIL,EXC,EXC, , , , , , , ,EXC,PASS, , , ,12,
156, , , , ,FAIL, , , , , , , , , , , ,FAIL, , , , , , , , ,2,
157,EXC,EXC,EXC,EXC,EXC,EXC,EXC,EXC,EXC,EXC,EXC,EXC,EXC,PASS, , ,PASS,PASS, , ,EXC,EXC, , , ,15,
158,EXC,EXC,EXC,EXC,EXC,EXC,EXC,EXC,EXC,EXC,EXC,EXC,EXC,PASS, , ,PASS,FAIL, , ,EXC,EXC, , , ,16,
159,EXC,EXC,EXC,EXC,EXC,EXC,EXC,EXC,EXC,EXC,EXC,EXC,EXC,PASS, , ,PASS,FAIL, , ,EXC,EXC, , , ,16,
16, , , , , , , , , , , ,EXC,EXC, , , , , , , ,EXC, , , , ,3,
160,PASS,PASS,PASS,PASS,PASS,PASS,PASS,PASS,PASS,PASS,PASS,PASS,PASS,PASS, , ,PASS,FAIL, , ,PASS,PASS, , , ,1,
161,EXC,EXC,EXC,EXC,EXC,EXC,EXC,EXC,EXC,EXC,EXC,EXC,EXC,PASS, , ,PASS,PASS, , ,EXC,EXC, , , ,15,
162,PASS,PASS,PASS,PASS,PASS,PASS,PASS,PASS,PASS,PASS,PASS,PASS,PASS,PASS, , ,PASS,PASS, , ,PASS,PASS, , , ,0,
163,EXC,EXC,EXC,EXC,EXC,EXC,EXC,EXC,EXC,EXC,EXC,EXC,EXC,PASS, , ,PASS,PASS, , ,EXC,EXC, , , ,15,
164,PASS,PASS,PASS,PASS,PASS,PASS,PASS,PASS,PASS,PASS,PASS,PASS,PASS,PASS, , ,PASS,FAIL, , ,PASS,PASS, , , ,1,
165,PASS,PASS,PASS,PASS,PASS,PASS,PASS,PASS,PASS,PASS,PASS,PASS,PASS,FAIL, , ,FAIL, , , ,PASS,PASS, , , ,2,
166,PASS,PASS,PASS,PASS,PASS,PASS,PASS,PASS,PASS,PASS,PASS,PASS,PASS,FAIL, , ,FAIL, , , ,PASS,PASS, , , ,2,
167,PASS,PASS,PASS,PASS,PASS,PASS,PASS,PASS,PASS,PASS,PASS,PASS,PASS,PASS, , ,PASS, , , ,PASS,PASS, , , ,0,
168,EXC,EXC,EXC,EXC,EXC,EXC,EXC,EXC,EXC,EXC,EXC,EXC,EXC,PASS, , ,PASS, , , ,EXC,EXC, , , ,15,
169,EXC,EXC,EXC,EXC,EXC,EXC,EXC,EXC,EXC,EXC,EXC,EXC,EXC,FAIL, , ,FAIL, , , ,EXC,EXC, , , ,17,
17, , , , , , , , , , , ,EXC,EXC, , , , , , , ,EXC, , , , ,3,
170,EXC,EXC,EXC,EXC,EXC,EXC,EXC,EXC,EXC,EXC,EXC,EXC,EXC,FAIL, , ,FAIL, , , ,EXC,EXC, , , ,17,
171,PASS,PASS,PASS,PASS,PASS,PASS,PASS,PASS,PASS,PASS,PASS,PASS,PASS,FAIL, , ,FAIL, , , ,PASS,PASS, , , ,2,
172,EXC,EXC,EXC,EXC,EXC,EXC,EXC,EXC,EXC,EXC,EXC,EXC,EXC,PASS, , ,PASS, , , ,EXC,EXC, , , ,15,
173,PASS,PASS,PASS,PASS,PASS,PASS,PASS,PASS,PASS,PASS,PASS,PASS,PASS,FAIL, , ,FAIL, , , ,PASS,PASS, , , ,2,
174,EXC,EXC,EXC,EXC,EXC,EXC,EXC,EXC,EXC,EXC,EXC,EXC,EXC,FAIL, , ,FAIL,FAIL, , ,EXC,EXC, , , ,18,
175,PASS,PASS,PASS,PASS,PASS,PASS,PASS,PASS,PASS,PASS,PASS,PASS,PASS,PASS, , ,PASS,PASS, , ,PASS,PASS, , , ,0,
176,EXC,EXC,EXC,EXC,EXC,EXC,EXC,EXC,EXC,EXC,EXC,EXC,EXC,PASS, , ,PASS,PASS, , ,EXC,EXC, , , ,15,
177,PASS,PASS,PASS,PASS,PASS,PASS,PASS,PASS,PASS,PASS,PASS,PASS,PASS,FAIL, , ,FAIL,PASS, , ,PASS,PASS, , , ,2,
178,PASS,PASS,PASS,PASS,PASS,PASS,PASS,PASS,PASS,PASS,PASS,PASS,PASS,PASS, , ,PASS,FAIL, , ,PASS,PASS, , , ,1,
179,PASS,PASS,PASS,PASS,PASS,PASS,PASS,PASS,PASS,PASS,PASS,PASS,PASS,FAIL, , ,FAIL,FAIL, , ,PASS,PASS, , , ,3,
18, , , , , , , , , , , ,PASS,PASS, , , , , , , ,PASS, , , , ,0,
180,PASS,PASS,PASS,PASS,PASS,PASS,PASS,PASS,PASS,PASS,PASS,PASS,PASS,FAIL, , ,FAIL,FAIL, , ,PASS,PASS, , , ,3,
181,FAIL,PASS,PASS,FAIL,PASS,FAIL,FAIL,FAIL,PASS,FAIL,FAIL,PASS,FAIL, , , , , , , ,PASS,PASS, , , ,8,
182,EXC,EXC,EXC,EXC,EXC,EXC,EXC,EXC,EXC,EXC,EXC,EXC,EXC, , , , , , , ,EXC,EXC, , , ,15,
183,PASS,PASS,PASS,PASS,PASS,PASS,PASS,PASS,PASS,PASS,PASS,PASS,PASS, , , , , , , ,PASS,PASS, , , ,0,
184,EXC,EXC,EXC,EXC,EXC,EXC,EXC,EXC,EXC,EXC,EXC,EXC,EXC, , , , , , , ,EXC,EXC, , , ,15,
185,FAIL,PASS,PASS,FAIL,PASS,PASS,PASS,PASS,PASS,PASS,PASS,PASS,PASS, , , , , , , ,PASS,PASS, , , ,2,
186,FAIL,PASS,PASS,FAIL,PASS,PASS,PASS,PASS,PASS,PASS,PASS,PASS,PASS, , , , , , , ,PASS,PASS, , , ,2,
187,FAIL,PASS,PASS,FAIL,PASS,PASS,PASS,PASS,PASS,PASS,PASS,PASS,PASS, , , , , , , ,PASS,PASS, , , ,2,
188,FAIL,PASS,PASS,FAIL,PASS,PASS,PASS,PASS,PASS,PASS,PASS,PASS,PASS, , , , , , , ,PASS,PASS, , , ,2,
189,EXC,EXC,EXC,EXC,EXC,EXC,EXC,EXC,EXC,EXC,EXC,EXC,EXC, , , , , , , ,EXC,EXC, , , ,15,
19, , , , , , , , , , , ,EXC,EXC, , , , , , , ,EXC, , , , ,3,
190,FAIL,PASS,PASS,FAIL,PASS,PASS,PASS,PASS,PASS,PASS,PASS,PASS,PASS, , , , , , , ,PASS,PASS, , , ,2,
191,PASS,FAIL,FAIL,PASS,PASS,FAIL,FAIL,FAIL,PASS,FAIL,FAIL,PASS,FAIL, , , , , , , ,FAIL,PASS, , , ,9,
192, , , , , , , , , , , , , ,PASS, , ,PASS,PASS, , , , , , , ,0,
193, , , , , , , , , , , , ,EXC, , , , , , ,EXC, , ,EXC, , ,3,
194, , , , , , , , , , , , ,EXC, , , , , , ,EXC, , ,EXC, , ,3,
195, , , , , , , , , , , , ,FAIL, , , , , , ,PASS, , ,PASS, , ,1,
196, , , , , , , , , , , , ,EXC, , , , , , ,EXC, , ,EXC, , ,3,
197, , , , , , , , , , , , ,PASS, , , , , , ,PASS, , ,PASS, , ,0,
198, , , , , , , , , , , , ,EXC, , , , , , ,EXC, , ,EXC, , ,3,
199, , , , , , , , , , , , ,FAIL, , , , , , ,PASS, , ,FAIL, , ,2,
2, ,PASS,PASS, ,PASS, , , ,PASS, , , , ,PASS, , ,PASS,PASS, , , , , , ,PASS,0,
20, , , , , , , , , , , ,PASS,PASS, , , , , , , ,PASS, , , , ,0,
200, , , , , , , , , , , , ,FAIL, , , , , , ,PASS, , ,FAIL, , ,2,
201, , , , , , , , , , , , ,FAIL, , , , , , ,PASS, , ,FAIL, , ,2,
202, , , , , , , , , , , , ,FAIL, , , , , , ,PASS, , ,FAIL, , ,2,
203, , , , , , , , , , , , ,EXC, , , , , , ,EXC, , ,EXC, , ,3,
204, , , , , , , , , , , , ,FAIL, , , , , , ,PASS, , ,PASS, , ,1,
205, , , , , , , , , , , , ,FAIL, , , , , , ,PASS, , ,PASS, , ,1,
206, , , , , , , , , , , , ,FAIL, , , , , , ,PASS, , ,PASS, , ,1,
207, , , , , , , , , , , , ,FAIL, , , , , , ,PASS, , ,PASS, , ,1,
208, , , , , , , , , , , , ,FAIL, , , , , , ,PASS, , ,PASS, , ,1,
209, , , , , , , , , , , , ,EXC, , , , , , ,EXC, , ,EXC, , ,3,
21, , , , , , , , , , , ,EXC,EXC, , , , , , , ,EXC, , , , ,3,
210, , , , , , , , , , , , ,PASS, , , , , , ,PASS, , ,PASS, , ,0,
211, , , , , , , , , , , , ,PASS, , , , , , ,PASS, , ,PASS, , ,0,
212, , , , , , , , , , , , ,FAIL, , , , , , ,PASS, , ,FAIL, , ,2,
213, , , , , , , , , , , , ,FAIL, , , , , , ,PASS, , ,FAIL, , ,2,
214, , , , , , , , , , , , ,EXC, , , , , , ,EXC, , ,EXC, , ,3,
215, , , , , , , , , , , , ,FAIL, , , , , , ,PASS, , ,FAIL, , ,2,
216, , , , , , , , , , , , ,EXC, , , , , , ,EXC, , ,EXC, , ,3,
217, , , , , , , , , , , , ,FAIL, , , , , , ,PASS, , ,PASS, , ,1,
218, , , , , , , , , , , , ,FAIL, , , , , , ,PASS, , ,PASS, , ,1,
219, , , , , , , , , , , , ,FAIL, , , , , , ,PASS, , ,PASS, , ,1,
22, , , , , , , , , , , ,FAIL,PASS, , , , , , , ,FAIL, , , , ,2,
220, , , , , , , , , , , , ,FAIL, , , , , , ,PASS, , ,PASS, , ,1,
221, , , , , , , , , , , , ,FAIL, , , , , , ,PASS, , ,PASS, , ,1,
222, , , , , , , , , , , , ,FAIL, , , , , , ,PASS, , ,FAIL, , ,2,
223, , , , , , , , , , , , ,FAIL, , , , , , ,PASS, , ,FAIL, , ,2,
224, , , , , , , , , , , , ,FAIL, , , , , , ,PASS, , ,FAIL, , ,2,
225, , , , , , , , , , , , ,FAIL, , , , , , ,PASS, , ,PASS, , ,1,
226, , , , , , , , , , , , ,FAIL, , , , , , ,PASS, , ,PASS, , ,1,
227, , , , , , , , , , , , ,FAIL, , , , , , ,PASS, , ,EXC, , ,2,
228,EXC, , ,EXC,EXC,EXC,EXC,EXC,EXC,EXC,EXC,EXC,EXC,PASS,PASS,PASS, , , , ,EXC,EXC, ,PASS, ,13,
229,EXC, , ,EXC,EXC,EXC,EXC,EXC,EXC,EXC,EXC,EXC,EXC,PASS,PASS,PASS, , , , ,EXC,EXC, ,PASS, ,13,
23, , , , , , , , , , , ,FAIL,PASS, , , , , , , ,FAIL, , , , ,2,
230,PASS, , ,PASS,PASS,PASS,PASS,PASS,PASS,PASS,PASS,PASS,PASS,PASS,PASS,PASS, , , , ,PASS,PASS, ,PASS, ,0,
231,PASS, , ,PASS,PASS,PASS,PASS,PASS,PASS,PASS,PASS,PASS,PASS,PASS,PASS,PASS, , , , ,PASS,PASS, ,PASS, ,0,
232,EXC, , ,EXC,EXC,EXC,EXC,EXC,EXC,EXC,EXC,EXC,EXC,PASS,PASS,PASS, , , , ,EXC,EXC, ,PASS, ,13,
233,PASS, , ,PASS,PASS,PASS,PASS,PASS,PASS,PASS,PASS,PASS,PASS,PASS,PASS,PASS, , , , ,PASS,PASS, ,PASS, ,0,
234,PASS, , ,PASS,PASS,PASS,PASS,PASS,PASS,PASS,PASS,PASS,PASS,PASS,PASS,PASS, , , , ,PASS,PASS, ,PASS, ,0,
235,EXC, , ,EXC,EXC,EXC,EXC,EXC,EXC,EXC,EXC,EXC,EXC,PASS,PASS,PASS, , , , ,EXC,EXC, ,PASS, ,13,
236,EXC, , ,EXC,EXC,EXC,EXC,EXC,EXC,EXC,EXC,EXC,EXC,PASS,PASS,PASS, , , , ,EXC,EXC, ,PASS, ,13,
237,PASS, , ,PASS,PASS,PASS,PASS,PASS,PASS,PASS,PASS,PASS,PASS,PASS,PASS,PASS, , , , ,PASS,PASS, ,PASS, ,0,
238,EXC, , ,EXC,EXC,EXC,EXC,EXC,EXC,EXC,EXC,EXC,EXC,PASS,PASS,PASS, , , , ,EXC,EXC, ,PASS, ,13,
239,PASS, , ,PASS,PASS,PASS,PASS,PASS,PASS,PASS,PASS,PASS,PASS,FAIL,FAIL,FAIL, , , , ,PASS,PASS, , , ,3,
24, , , , , , , , , , , ,FAIL,PASS, , , , , , , ,FAIL, , , , ,2,
240,PASS, , ,PASS,PASS,PASS,PASS,PASS,PASS,PASS,PASS,PASS,PASS,FAIL,FAIL,FAIL, , , , ,PASS,PASS, , , ,3,
241,PASS, , ,PASS,EXC,EXC,EXC,EXC,EXC,EXC,EXC,EXC,EXC,PASS,PASS,PASS, , , , ,EXC,EXC, , , ,11,
242,EXC, , ,EXC,PASS,PASS,PASS,PASS,PASS,PASS,PASS,PASS,PASS,PASS,PASS,PASS, , , , ,PASS,PASS, , , ,2,
243,EXC, , ,EXC,PASS,PASS,PASS,PASS,PASS,PASS,PASS,PASS,PASS,FAIL,FAIL,FAIL, , , , ,PASS,PASS, , , ,5,
244,PASS, , ,PASS,EXC,EXC,EXC,EXC,EXC,EXC,EXC,EXC,EXC,FAIL,FAIL,FAIL, , , , ,EXC,EXC, , , ,14,
245,EXC, , ,EXC,EXC,EXC,EXC,EXC,EXC,EXC,EXC,EXC,EXC,FAIL,FAIL,FAIL, , , , ,EXC,EXC, , , ,16,
246,PASS, , ,PASS,PASS,PASS,PASS,PASS,PASS,PASS,PASS,PASS,PASS,FAIL,FAIL,FAIL, , , , ,PASS,PASS, , , ,3,
247,EXC, , ,EXC,EXC,EXC,EXC,EXC,EXC,EXC,EXC,EXC,EXC,PASS,PASS,PASS, , , , ,EXC,EXC, , , ,13,
248,PASS, , ,PASS,PASS,PASS,PASS,PASS,PASS,PASS,PASS,PASS,PASS,PASS,PASS,PASS, , , , ,PASS,PASS, ,PASS, ,0,
249,PASS, , ,PASS,PASS,PASS,PASS,PASS,PASS,PASS,PASS,PASS,PASS,FAIL,FAIL,FAIL, , , , ,PASS,PASS, ,PASS, ,3,
25, , , , , , , , , , , ,FAIL,PASS, , , , , , , ,FAIL, , , , ,2,
250,EXC, , ,EXC,EXC,EXC,EXC,EXC,EXC,EXC,EXC,EXC,EXC,FAIL,FAIL,FAIL, , , , ,EXC,EXC, ,PASS, ,16,
251,PASS, , ,PASS,PASS,PASS,PASS,PASS,PASS,PASS,PASS,PASS,PASS,FAIL,FAIL,FAIL, , , , ,PASS,PASS, ,PASS, ,3,
252,PASS, , ,PASS,PASS,PASS,PASS,PASS,PASS,PASS,PASS,PASS,PASS,FAIL,FAIL,FAIL, , , , ,PASS,PASS, ,PASS, ,3,
253,PASS, , ,PASS,PASS,PASS,PASS,PASS,PASS,PASS,PASS,PASS,PASS,PASS,PASS,PASS, , , , ,PASS,PASS, ,PASS, ,0,
254,EXC, , ,EXC,EXC,EXC,EXC,EXC,EXC,EXC,EXC,EXC,EXC,PASS,PASS,PASS, , , , ,EXC,EXC, ,PASS, ,13,
255, , , , , , , , , , , , , ,PASS,PASS,PASS, , , , , , , ,PASS, ,0,
26, , , , , , , , , , , ,EXC,EXC, , , , , , , ,EXC, , , , ,3,
27, , , , , , , , , , , ,FAIL,PASS, , , , , , , ,PASS, , , , ,1,
28, , , , , , , , , , , ,EXC,EXC, , , , , , , ,EXC, , , , ,3,
29, , , , , , , , , , , ,PASS,PASS, , , , , , , ,PASS, , , , ,0,
3,PASS, , ,PASS,PASS,PASS,PASS,PASS,PASS,PASS,PASS,PASS,PASS,FAIL,FAIL,FAIL, , , , ,PASS,PASS, ,PASS, ,3,
30, , , , , , , , , , , ,EXC,EXC, , , , , , , ,EXC, , , , ,3,
31, , , , , , , , , , , ,FAIL,PASS, , , , , , , ,FAIL, , , , ,2,
32, , , , , , , , , , , ,FAIL,PASS, , , , , , , ,FAIL, , , , ,2,
33, , , , , , , , , , , ,FAIL,PASS, , , , , , , ,FAIL, , , , ,2,
34, , , , , , , , , , , ,FAIL,PASS, , , , , , , ,FAIL, , , , ,2,
35, , , , , , , , , , , ,EXC,EXC, , , , , , , ,EXC, , , , ,3,
36, , , , , , , , , , , ,FAIL,PASS, , , , , , , ,FAIL, , , , ,2,
37, , , , , , , , , , , ,FAIL,PASS, , , , , , , ,PASS, , , , ,1,
38, , , , , , , , , , , ,FAIL,PASS, , , , , , , ,PASS, , , , ,1,
39, , , , , , , , , , , ,FAIL,PASS, , , , , , , ,PASS, , , , ,1,
4,EXC, , ,EXC,PASS,EXC,PASS,EXC,PASS,EXC,PASS,EXC,EXC, , , , , , , ,PASS,PASS, , , ,7,
40, , , , , , , , , , , ,FAIL,PASS, , , , , , , ,PASS, , , , ,1,
41, , , , , , , , , , , ,FAIL,PASS, , , , , , , ,PASS, , , , ,1,
42, , , , , , , , , , , ,FAIL,PASS, , , , , , , ,PASS, , , , ,1,
43, , , , , , , , , , , ,FAIL,PASS, , , , , , , ,PASS, , , , ,1,
44, , , , , , , , , , , ,FAIL,PASS, , , , , , , ,PASS, , , , ,1,
45, , , , , , , , , , , ,FAIL,PASS, , , , , , , ,PASS, , , , ,1,
46, , , , , , , , , , , ,FAIL,PASS, , , , , , , ,PASS, , , , ,1,
47, , , , , , , , , , , ,FAIL,PASS, , , , , , , ,PASS, , , , ,1,
48, , , , , , , , , , , ,FAIL,PASS, , , , , , , ,PASS, , , , ,1,
49, , , , , , , , , , , ,FAIL,PASS, , , , , , , ,PASS, , , , ,1,
5,EXC, , ,EXC,EXC,FAIL,FAIL,FAIL,EXC,FAIL,FAIL,EXC,EXC, , , , , , , ,EXC,PASS, , , ,12,
50, , , , , , , , , , , ,FAIL,PASS, , , , , , , ,PASS, , , , ,1,
51, , , , , , , , , , , ,FAIL,PASS, , , , , , , ,PASS, , , , ,1,
52, , , , , , , , , , , ,FAIL,PASS, , , , , , , ,PASS, , , , ,1,
53, , , , , , , , , , , ,FAIL,PASS, , , , , , , ,PASS, , , , ,1,
54, , , , , , , , , , , ,FAIL,FAIL, , , , , , , ,PASS, , , , ,2,
55, , , , , , , , , , , ,FAIL,PASS, , , , , , , ,PASS, , , , ,1,
56, , , , , , , , , , , ,FAIL,PASS, , , , , , , ,PASS, , , , ,1,
57, , , , , , , , , , , ,FAIL,PASS, , , , , , , ,FAIL, , , , ,2,
58, , , , , , , , , , , ,EXC,FAIL, , , , , , , ,EXC, , , , ,3,
59,PASS, , ,PASS, ,FAIL, ,FAIL, ,FAIL, ,FAIL,PASS, , , , , , , , , ,PASS, , ,4,
6, , , , , , , , , , , , ,EXC, , , , , ,PASS,EXC, , , , , ,2,
60,PASS, , ,PASS, ,FAIL, ,FAIL, ,FAIL, ,FAIL,PASS, , , , , , , , , ,PASS, , ,4,
61,EXC, , ,EXC, ,FAIL, ,EXC, ,FAIL, ,FAIL,EXC, , , , , , , , , ,PASS, , ,7,
62,FAIL, , ,FAIL, ,FAIL, ,FAIL, ,FAIL, ,FAIL,PASS, , , , , , , , , ,PASS, , ,6,
63,PASS, , ,PASS, ,FAIL, ,FAIL, ,FAIL, ,FAIL,PASS, , , , , , , , , ,PASS, , ,4,
64,PASS, , ,PASS, ,FAIL, ,FAIL, ,FAIL, ,FAIL,PASS, , , , , , , , , ,PASS, , ,4,
65,EXC, , ,EXC, ,EXC, ,EXC, ,EXC, ,EXC,EXC, , , , , , , , , ,EXC, , ,8,
66,EXC, , ,EXC, ,EXC, ,EXC, ,EXC, ,EXC,EXC, , , , , , , , , ,EXC, , ,8,
67,FAIL, , ,FAIL, ,FAIL, ,FAIL, ,FAIL, ,PASS,PASS, , , , , , , , , ,PASS, , ,5,
68,EXC, , ,EXC, ,EXC, ,EXC, ,EXC, ,EXC,EXC, , , , , , , , , ,EXC, , ,8,
69,PASS, , ,PASS, ,PASS, ,PASS, ,PASS, ,PASS,PASS, , , , , , , , , ,PASS, , ,0,
7, , , , , , , , , , , , ,EXC, , , , , ,EXC,EXC, , , , , ,3,
70,EXC, , ,EXC, ,EXC, ,EXC, ,EXC, ,EXC,EXC, , , , , , , , , ,EXC, , ,8,
71,FAIL, , ,FAIL, ,FAIL, ,FAIL, ,FAIL, ,FAIL,PASS, , , , , , , , , ,FAIL, , ,7,
72,FAIL, , ,FAIL, ,FAIL, ,FAIL, ,FAIL, ,FAIL,PASS, , , , , , , , , ,FAIL, , ,7,
73,FAIL, , ,FAIL, ,FAIL, ,FAIL, ,FAIL, ,FAIL,PASS, , , , , , , , , ,FAIL, , ,7,
74,FAIL, , ,FAIL, ,FAIL, ,FAIL, ,FAIL, ,FAIL,PASS, , , , , , , , , ,FAIL, , ,7,
75,EXC, , ,EXC, ,EXC, ,EXC, ,EXC, ,EXC,EXC, , , , , , , , , ,EXC, , ,8,
76,PASS, , ,PASS, ,FAIL, ,FAIL, ,FAIL, ,FAIL,PASS, , , , , , , , , ,PASS, , ,4,
77,EXC, , ,EXC, ,EXC, ,EXC, ,EXC, ,EXC,EXC, , , , , , , , , ,EXC, , ,8,
78,PASS, , ,PASS, ,PASS, ,PASS, ,PASS, ,PASS,PASS, , , , , , , , , ,PASS, , ,0,
79,EXC, , ,EXC, ,EXC, ,EXC, ,EXC, ,EXC,EXC, , , , , , , , , ,EXC, , ,8,
8, , , , , , , , , , , , ,PASS, , , , , ,EXC,PASS, , , , , ,1,
80,FAIL, , ,FAIL, ,FAIL, ,FAIL, ,FAIL, ,FAIL,PASS, , , , , , , , , ,FAIL, , ,7,
81,FAIL, , ,FAIL, ,FAIL, ,FAIL, ,FAIL, ,FAIL,PASS, , , , , , , , , ,FAIL, , ,7,
82,FAIL, , ,FAIL, ,FAIL, ,FAIL, ,FAIL, ,FAIL,PASS, , , , , , , , , ,FAIL, , ,7,
83,FAIL, , ,FAIL, ,FAIL, ,FAIL, ,FAIL, ,FAIL,PASS, , , , , , , , , ,FAIL, , ,7,
84,EXC, , ,EXC, ,EXC, ,EXC, ,EXC, ,EXC,EXC, , , , , , , , , ,EXC, , ,8,
85,FAIL, , ,FAIL, ,FAIL, ,FAIL, ,FAIL, ,FAIL,PASS, , , , , , , , , ,FAIL, , ,7,
86,FAIL, , ,FAIL, ,FAIL, ,FAIL, ,FAIL, ,PASS,PASS, , , , , , , , , ,PASS, , ,5,
87,FAIL, , ,FAIL, ,FAIL, ,FAIL, ,FAIL, ,PASS,PASS, , , , , , , , , ,PASS, , ,5,
88,PASS, , ,PASS, ,FAIL, ,FAIL, ,FAIL, ,FAIL,PASS, , , , , , , , , ,PASS, , ,4,
89,PASS, , ,PASS, ,FAIL, ,FAIL, ,FAIL, ,FAIL,PASS, , , , , , , , , ,PASS, , ,4,
9, , , , , , , , , , , , ,EXC, , , , , ,PASS,EXC, , , , , ,2,
90,PASS, , ,PASS, ,PASS, ,PASS, ,PASS, ,PASS,PASS, , , , , , , , , ,PASS, , ,0,
91,FAIL, , ,FAIL, ,FAIL, ,FAIL, ,FAIL, ,FAIL,PASS, , , , , , , , , ,FAIL, , ,7,
92,PASS, , ,PASS, ,FAIL, ,FAIL, ,FAIL, ,PASS,PASS, , , , , , , , , ,PASS, , ,3,
93,PASS, , ,PASS, ,FAIL, ,FAIL, ,FAIL, ,PASS,PASS, , , , , , , , , ,PASS, , ,3,
94,PASS, , ,PASS, ,PASS, ,PASS, ,PASS, ,PASS,PASS, , , , , , , , , ,PASS, , ,0,
95,PASS, , ,PASS, ,FAIL, ,FAIL, ,FAIL, ,FAIL,PASS, , , , , , , , , ,FAIL, , ,5,
96,PASS, , ,PASS, ,FAIL, ,FAIL, ,FAIL, ,FAIL,PASS, , , , , , , , , ,PASS, , ,4,
97,PASS, , ,PASS, ,FAIL, ,FAIL, ,FAIL, ,FAIL,PASS, , , , , , , , , ,PASS, , ,4,
98,PASS, , ,PASS, ,FAIL, ,FAIL, ,FAIL, ,FAIL,PASS, , , , , , , , , ,PASS, , ,4,
99,PASS, , ,PASS, ,FAIL, ,FAIL, ,FAIL, ,FAIL,PASS, , , , , , , , , ,PASS, , ,4,
